label,pl_name,hostname,earth2_rank,planet_radius_earth,planet_mass_earth_used,planet_mass_basis,stellar_mass_solar,stellar_age_gyr,semimajor_axis_au,bolometric_insolation_earth,bolometric_flux_w_m2,xuv_history_status,muscles_current_xuv_flux_w_m2,generic_current_xuv_flux_min_w_m2,generic_current_xuv_flux_median_w_m2,generic_current_xuv_flux_max_w_m2,generic_xuv_dose_min_j_m2,generic_xuv_dose_median_j_m2,generic_xuv_dose_max_j_m2,escape_status,current_mass_loss_min_kg_s,current_mass_loss_median_kg_s,current_mass_loss_max_kg_s,integrated_lost_min_earth_masses,integrated_lost_median_earth_masses,integrated_lost_max_earth_masses
SCENARIO,Proxima Cen b,Proxima Cen,1,1.02,1.055,minimum_mass_scenario,0.1221,,0.04848,0.641,872.2728,undetermined_missing_age_mass_or_bolometric_flux,0.3895342536,,,,,,,undetermined_missing_age_environment_or_usable_mass,,,,,,
SCENARIO,GJ 1061 d,GJ 1061,2,1.16,1.67,measured_mass,0.12,7,0.054,0.6,816.48,bounded_age_activity_scenarios,,0.004676002688,0.0745546888,1.04976,9.451811861e+15,6.593034953e+16,4.276105914e+17,energy_limited_scenario_ensemble,472.3086848,27501.9156,1095003.07,0.0001598579506,0.004072314914,0.07468644077
SCENARIO,GJ 1002 b,GJ 1002,3,1.03,1.08,minimum_mass_scenario,0.12,,0.0457,0.67,911.736,undetermined_missing_age_mass_or_bolometric_flux,,,,,,,,undetermined_missing_age_environment_or_usable_mass,,,,,,
SCENARIO,Wolf 1069 b,Wolf 1069,4,1.08,1.26,minimum_mass_scenario,0.167,,0.0672,0.652,887.2416,undetermined_missing_age_mass_or_bolometric_flux,,,,,,,,undetermined_missing_age_environment_or_usable_mass,,,,,,
SCENARIO,Teegarden's Star c,Teegarden's Star,5,1.02,1.05,minimum_mass_scenario,0.097,8,0.0455,0.35,476.28,bounded_age_activity_scenarios,,0.0022325625,0.03690299896,0.535815,5.591421064e+15,3.972300783e+16,2.675039315e+17,energy_limited_scenario_ensemble,245.8419692,14853.52966,610930.1488,0.0001030961843,0.002677183416,0.05107105778
SCENARIO,Kepler-1649 c,Kepler-1649,6,1.06,1.2,mass_radius_prediction_scenario,0.1977,,0.0649,0.75,1020.6,undetermined_missing_age_mass_or_bolometric_flux,,,,,,,,undetermined_missing_age_environment_or_usable_mass,,,,,,
SCENARIO,GJ 1002 c,GJ 1002,7,1.1,1.36,minimum_mass_scenario,0.12,,0.0738,0.257,349.7256,undetermined_missing_age_mass_or_bolometric_flux,,,,,,,,undetermined_missing_age_environment_or_usable_mass,,,,,,
SCENARIO,Kepler-1229 b,Kepler-1229,8,1.4,2.54,mass_radius_prediction_scenario,0.54,3.72,0.3006,0.524,713.0592,bounded_age_activity_scenarios,,0.01054113654,0.1416960591,1.725143226,7.5837651e+15,4.779135768e+16,2.454092783e+17,energy_limited_scenario_ensemble,1181.463675,57754.08671,1971316.757,0.0001423265102,0.003261687212,0.0469559064
SCENARIO,GJ 667 C f,GJ 667 C,9,1.45,2.7,minimum_mass_scenario,0.33,2,0.156,0.5633,766.53864,bounded_age_activity_scenarios,0.0507240853,0.028745199,0.3267887952,2.29961592,7.184526271e+15,3.944743837e+16,1.444150151e+17,energy_limited_scenario_ensemble,3407.951016,141065.6583,2789918.426,0.0001426245066,0.002851287056,0.02933705683
SCENARIO,TOI-700 d,TOI-700,10,1.073,1.25,mass_radius_prediction_scenario,0.415,1.5,0.1633,0.85,1156.68,bounded_age_activity_scenarios,,0.06678095094,0.7024589944,3.47004,9.994198364e+15,5.026799505e+16,1.631641401e+17,energy_limited_scenario_ensemble,6927.073196,265292.9546,3682848.357,0.0001735853767,0.002833935018,0.02899626539
SCENARIO,Kepler-442 b,Kepler-442,11,1.34,2.36,mass_radius_prediction_scenario,0.609,2.9,0.409,0.66,898.128,bounded_age_activity_scenarios,,0.0002834943292,0.01427541356,0.2787293793,6.283545497e+14,9.193733564e+15,8.252968793e+16,energy_limited_scenario_ensemble,29.85211031,5464.024,298822.6781,1.107907288e-05,0.000589228584,0.01481525061
SCENARIO,Kepler-186 f,Kepler-186,12,1.17,1.71,mass_radius_prediction_scenario,0.544,4,0.432,0.3,408.24,bounded_age_activity_scenarios,,0.005412548857,0.07419621756,0.91854,4.39233988e+15,2.804694832e+16,1.489160275e+17,energy_limited_scenario_ensemble,522.7884831,26045.44056,902858.0161,7.103757279e-05,0.001648555413,0.0245092951
SCENARIO,GJ 667 C e,GJ 667 C,13,1.45,2.7,minimum_mass_scenario,0.33,2,0.213,0.3022,411.23376,bounded_age_activity_scenarios,0.02721253076,0.015421266,0.1753161262,1.23370128,3.854365062e+15,2.116281888e+16,7.747597651e+16,energy_limited_scenario_ensemble,1813.577581,75007.20772,1480967.421,7.589915655e-05,0.001516081824,0.01557293754
SCENARIO,TOI-715 b,TOI-715,14,1.55,3.02,mass_radius_prediction_scenario,0.225,6.2,0.083,0.67,911.736,bounded_age_activity_scenarios,,0.006264087713,0.09665566768,1.323487742,1.04102092e+16,7.135918998e+16,4.460684762e+17,energy_limited_scenario_ensemble,828.705784,46663.14739,1803964.751,0.0002306056748,0.005768522728,0.1018070024
SCENARIO,LHS 1140 b,LHS 1140,15,1.73,5.6,measured_mass,0.1844,5,0.0946,0.43,585.144,bounded_age_activity_scenarios,,0.005551163398,0.08082201073,1.0532592,6.502478985e+15,4.312066433e+16,2.505347068e+17,energy_limited_scenario_ensemble,543.379623,28830.12288,1057753.205,0.0001065776863,0.002575551742,0.04212937145
SCENARIO,Gl 725 B c,Gl 725 B,16,1.66,3.4,minimum_mass_scenario,0.25,8.7,0.139,0.4742,645.29136,bounded_age_activity_scenarios,,0.002667185568,0.04509694988,0.6675427862,7.638245604e+15,5.486732989e+16,3.778000707e+17,energy_limited_scenario_ensemble,377.7486906,23261.5407,968245.5123,0.000181138742,0.00473885179,0.09175641014
SCENARIO,Kepler-62 f,Kepler-62,17,1.41,,upper_limit_not_used,0.69,7,0.718,0.5,680.4,bounded_age_activity_scenarios,,5.726910311e-05,0.00365842129,0.08748,4.90034627e+14,7.754463525e+15,7.955205656e+16,undetermined_missing_age_environment_or_usable_mass,,,,,,
SCENARIO,Kepler-1652 b,Kepler-1652,18,1.6,3.19,mass_radius_prediction_scenario,0.404,3.2,0.1654,0.81,1102.248,bounded_age_activity_scenarios,,0.02042352086,0.2635996602,3.1000725,1.142380021e+16,6.993681755e+16,3.322159117e+17,energy_limited_scenario_ensemble,2757.962841,129628.7045,4286041.646,0.0002583071274,0.005758776106,0.07690825524
SCENARIO,GJ 3378 b,GJ 3378,19,1.32,2.3,minimum_mass_scenario,0.262,,0.09673,0.91,1238.328,undetermined_missing_age_mass_or_bolometric_flux,,,,,,,,undetermined_missing_age_environment_or_usable_mass,,,,,,
SCENARIO,Kepler-1544 b,Kepler-1544,20,1.78,3.82,mass_radius_prediction_scenario,0.81,2.34,0.54465,0.833,1133.5464,bounded_age_activity_scenarios,,0.0004936494446,0.02345869222,0.4359793846,7.856392373e+14,1.124093214e+16,9.725456592e+16,energy_limited_scenario_ensemble,75.20707061,12989.66705,676065.3993,2.004154411e-05,0.001042232332,0.02525228887
SCENARIO,GJ 251 c,GJ 251,21,1.8,3.88,minimum_mass_scenario,0.35,6.8,0.196,0.404,549.7632,bounded_age_activity_scenarios,,0.003288429669,0.05202231843,0.7276277647,6.343869936e+15,4.407058262e+16,2.833978941e+17,energy_limited_scenario_ensemble,517.3128218,29787.58364,1170156.66,0.0001671040396,0.004225346773,0.07631314615
SCENARIO,Kepler-296 f,Kepler-296,22,1.8,3.89,mass_radius_prediction_scenario,0.498,4.2,0.255,0.62,843.696,bounded_age_activity_scenarios,,0.01039652772,0.1444073715,1.80792,9.145642758e+15,5.890269552e+16,3.194513735e+17,energy_limited_scenario_ensemble,1625.325616,82140.72295,2886074.624,0.0002394055924,0.005610122198,0.08538883735
SCENARIO,Kepler-452 b,Kepler-452,23,1.63,3.29,mass_radius_prediction_scenario,1.037,6,1.046,1.1,1496.88,bounded_age_activity_scenarios,,0.0001587680998,0.009728837462,0.224532,1.073616057e+15,1.678088574e+16,1.684606286e+17,energy_limited_scenario_ensemble,21.44303156,4772.948165,308126.0114,2.427951065e-05,0.001378505946,0.03870940784
SCENARIO,Kepler-438 b,Kepler-438,24,1.12,1.46,mass_radius_prediction_scenario,0.544,4.4,0.166,1.4,1905.12,bounded_age_activity_scenarios,,0.02189372117,0.3079466927,3.896836364,2.079435237e+16,1.350060435e+17,7.465183785e+17,energy_limited_scenario_ensemble,2215.649886,113489.2658,4037549.897,0.0003523667693,0.008331063519,0.1295132587
SCENARIO,GJ 667 C c,GJ 667 C,25,1.77,3.8,minimum_mass_scenario,0.33,2,0.125,0.8774,1193.96592,bounded_age_activity_scenarios,0.07900818825,0.044773722,0.5090085015,3.58189776,1.119066812e+16,6.144360452e+16,2.249418325e+17,energy_limited_scenario_ensemble,6935.97734,287428.6078,5697694.963,0.0002902742267,0.005809645516,0.05991343667
SCENARIO,K2-288 B b,K2-288 B,26,1.9,4.27,mass_radius_prediction_scenario,0.33,1,0.164,0.4368,594.39744,bounded_age_activity_scenarios,,0.06304536908,0.59439744,1.78319232,4.405624378e+15,1.857017909e+16,5.571053726e+16,energy_limited_scenario_ensemble,10656.0142,301397.596,3086279.643,0.0001246858181,0.001576692273,0.01614516283
SCENARIO,TRAPPIST-1 e,TRAPPIST-1,27,0.92,0.692,measured_mass,0.0898,7.6,0.02925,0.646,879.0768,bounded_age_activity_scenarios,1.517834039,0.004450232401,0.07254810954,1.041012,1.026601116e+16,7.242959967e+16,4.809241856e+17,energy_limited_scenario_ensemble,567.9905719,33994.53769,1394313.594,0.000219395725,0.005682862099,0.1078572486
SCENARIO,TRAPPIST-1 f,TRAPPIST-1,28,1.045,1.039,measured_mass,0.0898,7.6,0.03849,0.373,507.5784,bounded_age_activity_scenarios,0.8763964343,0.002569561433,0.04188923353,0.6010796842,5.927588486e+15,4.1820806e+16,2.77685327e+17,energy_limited_scenario_ensemble,311.458939,18584.91103,757574.7034,0.0001203061514,0.00310683697,0.05860225669
SCENARIO,GJ 682 b,GJ 682,29,1.93,4.4,minimum_mass_scenario,0.27,,0.08,0.3125,425.25,undetermined_missing_age_mass_or_bolometric_flux,,,,,,,,undetermined_missing_age_environment_or_usable_mass,,,,,,
SCENARIO,Kepler-441 b,Kepler-441,30,1.64,3.33,mass_radius_prediction_scenario,0.572,1.9,0.64,0.21,285.768,bounded_age_activity_scenarios,,0.0115733598,0.1297617417,0.857304,2.643291662e+15,1.430930587e+16,5.113292318e+16,energy_limited_scenario_ensemble,1576.594912,64226.28267,1187492.978,6.029395119e-05,0.001166351038,0.01185945727
SCENARIO,TRAPPIST-1 g,TRAPPIST-1,31,1.129,1.321,measured_mass,0.0898,7.6,0.04683,0.252,342.9216,bounded_age_activity_scenarios,0.5920962505,0.001736003971,0.02830050094,0.4060913684,4.004697851e+15,2.825427108e+16,1.876051003e+17,energy_limited_scenario_ensemble,205.6360328,12250.81177,497751.8797,7.943030875e-05,0.002047966486,0.0385036397
SCENARIO,Kepler-1512 b,Kepler-1512,32,1.18,1.76,mass_radius_prediction_scenario,0.73,1.78,0.13693,1.6,2177.28,bounded_age_activity_scenarios,,0.001429181601,0.06308087087,1.10087191,1.488495954e+15,2.065184519e+16,1.698878227e+17,energy_limited_scenario_ensemble,141.7816235,22813.80969,1121794.619,2.472567635e-05,0.001250624661,0.02898723598
SCENARIO,Kepler-705 b,Kepler-705,33,2.11,5.1,mass_radius_prediction_scenario,0.53,3.89,0.232,0.729,992.0232,bounded_age_activity_scenarios,,0.01371430135,0.1865880471,2.295169357,1.062679205e+16,6.751722311e+16,3.540101348e+17,energy_limited_scenario_ensemble,2646.534775,131073.4507,4529265.546,0.0003433792854,0.007941700032,0.1169759916
SCENARIO,GJ 433 d,GJ 433,34,2.14,5.223,minimum_mass_scenario,0.48,,0.178,0.6312,858.93696,undetermined_missing_age_mass_or_bolometric_flux,,,,,,,,undetermined_missing_age_environment_or_usable_mass,,,,,,
SCENARIO,Kepler-440 b,Kepler-440,35,1.86,4.12,mass_radius_prediction_scenario,0.575,1.3,0.242,1.2,1632.96,bounded_age_activity_scenarios,,0.1168521693,1.18256555,4.89888,1.344729883e+16,6.413691968e+16,1.994299952e+17,energy_limited_scenario_ensemble,19084.54282,702930.6239,8177025.75,0.0003677460619,0.005453853319,0.05573872578
SCENARIO,TOI-2094 b,TOI-2094,36,1.9,4.27,mass_radius_prediction_scenario,0.425,,0.136,0.98,1333.584,undetermined_missing_age_mass_or_bolometric_flux,,,,,,,,undetermined_missing_age_environment_or_usable_mass,,,,,,
SCENARIO,55 Cnc B c,55 Cnc B,37,2.16,5.3,minimum_mass_scenario,0.26,10,0.13,0.4613,627.73704,bounded_age_activity_scenarios,,0.00210549404,0.03696389732,0.564963336,7.526293562e+15,5.502561063e+16,3.923550922e+17,energy_limited_scenario_ensemble,424.467887,27160.16543,1169072.192,0.0002540621508,0.006769982091,0.1359466007
SCENARIO,TOI-904 c,TOI-904,38,2.167,5.34,mass_radius_prediction_scenario,0.557,1.5,0.312,0.5449,741.49992,bounded_age_activity_scenarios,,0.04281051784,0.4503175366,2.22449976,6.406869045e+15,3.222474177e+16,1.045978117e+17,energy_limited_scenario_ensemble,8490.892467,324904.0838,4502559.773,0.0002127730898,0.003473709144,0.03545012051
SCENARIO,Kepler-22 b,Kepler-22,39,2.1,,upper_limit_not_used,0.857,7,0.812,1.013,1378.4904,bounded_age_activity_scenarios,,0.0001160272029,0.007411961533,0.17723448,9.928101543e+14,1.57105431e+16,1.611724666e+17,undetermined_missing_age_environment_or_usable_mass,,,,,,
SCENARIO,HN Lib b,HN Lib,40,2.2,5.46,minimum_mass_scenario,0.291,4.4,0.1417,0.503,684.4824,bounded_age_activity_scenarios,,0.007866101249,0.1106408475,1.400077636,7.471113744e+15,4.850574278e+16,2.682133888e+17,energy_limited_scenario_ensemble,1623.865086,83233.4283,2965208.748,0.000258252036,0.006110031405,0.09511556698
SCENARIO,TOI-2257 b,TOI-2257,41,2.194,5.45,mass_radius_prediction_scenario,0.328,,0.145,0.6703,912.14424,undetermined_missing_age_mass_or_bolometric_flux,,,,,,,,undetermined_missing_age_environment_or_usable_mass,,,,,,
SCENARIO,Kepler-174 d,Kepler-174,42,2.19,5.43,mass_radius_prediction_scenario,0.602,4.9,0.677,0.53,721.224,bounded_age_activity_scenarios,,0.0001036523581,0.006013523213,0.1324697143,5.141984437e+14,7.901314136e+15,7.701864041e+16,energy_limited_scenario_ensemble,20.63705845,4350.505355,268244.5528,1.714223161e-05,0.0009571456676,0.02611428583
SCENARIO,K2-72 e,K2-72,43,1.29,2.21,mass_radius_prediction_scenario,0.271365,,0.106,1.2,1632.96,undetermined_missing_age_mass_or_bolometric_flux,,,,,,,,undetermined_missing_age_environment_or_usable_mass,,,,,,
SCENARIO,GJ 625 b,GJ 625,44,1.49,2.82,minimum_mass_scenario,0.3,,0.078361,2.0787,2828.69496,undetermined_missing_age_mass_or_bolometric_flux,,,,,,,,undetermined_missing_age_environment_or_usable_mass,,,,,,
SCENARIO,Kepler-1410 b,Kepler-1410,45,1.78,3.82,mass_radius_prediction_scenario,0.63,4.07,0.2543,1.06,1442.448,bounded_age_activity_scenarios,,0.0002738493339,0.01511120309,0.3189688452,1.022160585e+15,1.544992435e+16,1.464337772e+17,energy_limited_scenario_ensemble,42.23672178,8481.57493,502631.5863,2.639767259e-05,0.001452017369,0.03863765581
SCENARIO,GJ 514 b,GJ 514,46,2.13,5.2,minimum_mass_scenario,0.51,0.8,0.422,0.28,381.024,bounded_age_activity_scenarios,,0.05647986015,0.381024,1.143072,2.523030544e+15,9.499120356e+15,2.849736107e+16,energy_limited_scenario_ensemble,10857.69205,219744.2369,2238336.841,8.121465597e-05,0.0009173108826,0.009343820671
SCENARIO,Kepler-283 c,Kepler-283,47,1.82,3.97,mass_radius_prediction_scenario,0.596,3.09,0.341,0.949,1291.3992,bounded_age_activity_scenarios,,0.02521732729,0.3224122863,3.761356893,1.329892259e+16,8.084228893e+16,3.763950126e+17,energy_limited_scenario_ensemble,3974.349806,184793.6457,6044484.656,0.0003509550418,0.00775857647,0.1012806757
SCENARIO,HD 20794 f,HD 20794,48,2.28,5.82,minimum_mass_scenario,0.79,5.76,1.3541,0.3746,509.75568,bounded_age_activity_scenarios,,5.748194904e-05,0.0034837134,0.079649325,3.651921027e+14,5.688915919e+15,5.677741531e+16,energy_limited_scenario_ensemble,11.99566827,2640.483043,168825.3068,1.276093019e-05,0.0007220021191,0.02015111399
SCENARIO,LP 890-9 c,LP 890-9,49,1.367,,upper_limit_not_used,0.118,7.2,0.03984,0.906,1232.8848,bounded_age_activity_scenarios,,0.006768618161,0.1087435552,1.541106,1.431586657e+16,1.002529787e+17,6.555589796e+17,undetermined_missing_age_environment_or_usable_mass,,,,,,
SCENARIO,Kepler-1126 c,Kepler-1126,50,1.45,2.7,mass_radius_prediction_scenario,0.794,12.3,0.6193,2.06,2803.248,bounded_age_activity_scenarios,,0.0001012994274,0.007534912856,0.2051157073,2.044571993e+15,3.370888345e+16,3.726364327e+17,energy_limited_scenario_ensemble,11.77312262,3182.041668,242455.3855,3.978827194e-05,0.002383636293,0.07375410943
SCENARIO,GJ 357 d,GJ 357,51,2.34,6.1,minimum_mass_scenario,0.342,,0.204,0.38,517.104,undetermined_missing_age_mass_or_bolometric_flux,,,,,,,,undetermined_missing_age_environment_or_usable_mass,,,,,,
SCENARIO,TOI-178 f,TOI-178,52,2.417,5.63,measured_mass,0.647,6,0.1039,0.6071,826.14168,bounded_age_activity_scenarios,,8.762555762e-05,0.00536943384,0.123921252,5.925384618e+14,9.261523392e+15,9.29749524e+16,energy_limited_scenario_ensemble,24.13719293,5410.981898,354380.1866,2.733005504e-05,0.001562780584,0.04452025038
SCENARIO,Kepler-1653 b,Kepler-1653,53,2.17,5.35,mass_radius_prediction_scenario,0.719,7.7,0.4706,0.98,1333.584,bounded_age_activity_scenarios,,9.729430617e-05,0.006377299073,0.1558734545,9.627748686e+14,1.53481823e+16,1.595320748e+17,energy_limited_scenario_ensemble,19.22727325,4581.832092,313790.5583,3.185833039e-05,0.001846406533,0.05377540852
SCENARIO,GJ 887 d,GJ 887,54,2.34,6.1,minimum_mass_scenario,0.495,2.9,0.212,0.81,1102.248,bounded_age_activity_scenarios,,0.02367328812,0.2975293285,3.306744,1.121568112e+16,6.728639725e+16,3.015798939e+17,energy_limited_scenario_ensemble,5226.827969,239212.8503,7473709.216,0.0004146419796,0.009058368674,0.1141316248
SCENARIO,Kepler-1630 b,Kepler-1630,55,2.19,5.43,mass_radius_prediction_scenario,0.66,5.01,1.1218,0.26,353.808,bounded_age_activity_scenarios,,4.918290723e-05,0.002870564078,0.06355832335,2.524221756e+14,3.886203688e+15,3.800582863e+16,energy_limited_scenario_ensemble,9.755326582,2068.099437,128070.2602,8.383456504e-06,0.0004688109249,0.01282313041
SCENARIO,TRAPPIST-1 d,TRAPPIST-1,56,0.788,0.388,measured_mass,0.0898,7.6,0.02227,1.115,1517.292,bounded_age_activity_scenarios,2.61979095,0.00768112868,0.1252184863,1.796793158,1.771919882e+16,1.250139375e+17,8.300781223e+17,energy_limited_scenario_ensemble,1145.60906,68891.92794,2853621.405,0.0004425103914,0.01151665393,0.2207421306
SCENARIO,GJ 180 c,GJ 180,57,2.41,6.4,minimum_mass_scenario,0.43,,0.129,0.7812,1063.05696,undetermined_missing_age_mass_or_bolometric_flux,,,,,,,,undetermined_missing_age_environment_or_usable_mass,,,,,,
SCENARIO,Gliese 12 b,Gliese 12,58,0.93,0.95,measured_mass,0.255,7,0.067,1.62,2204.496,bounded_age_activity_scenarios,,0.01262520726,0.2012976598,2.834352,2.551989203e+16,1.780119437e+17,1.154548597e+18,energy_limited_scenario_ensemble,1155.382118,67277.5099,2678780.043,0.0003910514958,0.00996204086,0.1827104896
SCENARIO,TRAPPIST-1 c,TRAPPIST-1,59,1.097,1.308,measured_mass,0.0898,7.6,0.0158,2.214,3012.8112,bounded_age_activity_scenarios,5.201988487,0.01525203489,0.2486401154,3.567802737,3.518413112e+16,2.482339531e+17,1.64824481e+18,energy_limited_scenario_ensemble,1914.601981,115824.4912,4858024.316,0.0007395465884,0.01936236395,0.3757928911
SCENARIO,Kepler-443 b,Kepler-443,60,2.33,6.04,mass_radius_prediction_scenario,0.738,3.2,0.495,0.86,1170.288,bounded_age_activity_scenarios,,0.0003186918235,0.01648004065,0.3291435,8.220067387e+14,1.214548604e+16,1.108108534e+17,energy_limited_scenario_ensemble,69.0451015,12980.30351,726377.0619,2.981984094e-05,0.001601804324,0.04094747546
