label,pl_name,earth2_rank,action_id,parameter,parameter_value,unit,prior_sigma,observation_sigma,expected_posterior_sigma,expected_information_gain_nats,expected_information_gain_bits,status,noise_rule,observation_model,cost_or_time,within_target_information_rank
SIMULATED,Proxima Cen b,1,mass_precision_requirement,planet mass or minimum mass,1.055,Earth masses,0.055,0.1055,0.04877040669,0.1202094766,0.1734256157,synthetic_linear_gaussian,"max(0.10 * measured value, 0.10 Earth masses)",A future independent Gaussian mass-like measurement.,not_modelled,2
SIMULATED,Proxima Cen b,1,radius_precision_requirement,planet radius,1.02,Earth radii,,,,,,undetermined_missing_measured_value_or_uncertainty,"max(0.02 * measured value, 0.01 Earth radii)",A future independent Gaussian radius measurement.,not_modelled,
SIMULATED,Proxima Cen b,1,stellar_radius_precision_requirement,stellar radius,0.141,Solar radii,0.021,0.005,0.004864031073,1.462654905,2.110164977,synthetic_linear_gaussian,"max(0.01 * measured value, 0.005 Solar radii)",A future independent Gaussian stellar-radius measurement.,not_modelled,1
SIMULATED,Proxima Cen b,1,stellar_age_precision_requirement,stellar age,,Gyr,,,,,,undetermined_missing_measured_value_or_uncertainty,"max(0.20 * measured value, 0.20 Gyr)",A future independent Gaussian stellar-age constraint.,not_modelled,
SIMULATED,Proxima Cen b,1,eccentricity_precision_requirement,orbital eccentricity,0,dimensionless,,,,,,undetermined_missing_measured_value_or_uncertainty,Gaussian sigma 0.03,A local Gaussian approximation to a bounded eccentricity posterior.,not_modelled,
SIMULATED,Proxima Cen b,1,inclination_precision_requirement,orbital inclination,,degrees,,,,,,undetermined_missing_measured_value_or_uncertainty,Gaussian sigma 0.5 degrees,A future independent astrometric or transit-geometry constraint.,not_modelled,
SIMULATED,GJ 1061 d,2,mass_precision_requirement,planet mass or minimum mass,1.67,Earth masses,0.19,0.167,0.1254346177,0.4152394239,0.5990638576,synthetic_linear_gaussian,"max(0.10 * measured value, 0.10 Earth masses)",A future independent Gaussian mass-like measurement.,not_modelled,2
SIMULATED,GJ 1061 d,2,radius_precision_requirement,planet radius,1.16,Earth radii,,,,,,undetermined_missing_measured_value_or_uncertainty,"max(0.02 * measured value, 0.01 Earth radii)",A future independent Gaussian radius measurement.,not_modelled,
SIMULATED,GJ 1061 d,2,stellar_radius_precision_requirement,stellar radius,0.156,Solar radii,0.005,0.005,0.003535533906,0.3465735903,0.5,synthetic_linear_gaussian,"max(0.01 * measured value, 0.005 Solar radii)",A future independent Gaussian stellar-radius measurement.,not_modelled,3
SIMULATED,GJ 1061 d,2,stellar_age_precision_requirement,stellar age,7,Gyr,0.5,1.4,0.4708709558,0.06002402114,0.08659635764,synthetic_linear_gaussian,"max(0.20 * measured value, 0.20 Gyr)",A future independent Gaussian stellar-age constraint.,not_modelled,4
SIMULATED,GJ 1061 d,2,eccentricity_precision_requirement,orbital eccentricity,0.04,dimensionless,0.035,0.03,0.02277769807,0.429566159,0.6197329673,synthetic_linear_gaussian,Gaussian sigma 0.03,A local Gaussian approximation to a bounded eccentricity posterior.,not_modelled,1
SIMULATED,GJ 1061 d,2,inclination_precision_requirement,orbital inclination,,degrees,,,,,,undetermined_missing_measured_value_or_uncertainty,Gaussian sigma 0.5 degrees,A future independent astrometric or transit-geometry constraint.,not_modelled,
SIMULATED,GJ 1002 b,3,mass_precision_requirement,planet mass or minimum mass,1.08,Earth masses,0.13,0.108,0.08307256029,0.4478200042,0.6460676993,synthetic_linear_gaussian,"max(0.10 * measured value, 0.10 Earth masses)",A future independent Gaussian mass-like measurement.,not_modelled,1
SIMULATED,GJ 1002 b,3,radius_precision_requirement,planet radius,1.03,Earth radii,,,,,,undetermined_missing_measured_value_or_uncertainty,"max(0.02 * measured value, 0.01 Earth radii)",A future independent Gaussian radius measurement.,not_modelled,
SIMULATED,GJ 1002 b,3,stellar_radius_precision_requirement,stellar radius,0.137,Solar radii,0.005,0.005,0.003535533906,0.3465735903,0.5,synthetic_linear_gaussian,"max(0.01 * measured value, 0.005 Solar radii)",A future independent Gaussian stellar-radius measurement.,not_modelled,2
SIMULATED,GJ 1002 b,3,stellar_age_precision_requirement,stellar age,,Gyr,,,,,,undetermined_missing_measured_value_or_uncertainty,"max(0.20 * measured value, 0.20 Gyr)",A future independent Gaussian stellar-age constraint.,not_modelled,
SIMULATED,GJ 1002 b,3,eccentricity_precision_requirement,orbital eccentricity,,dimensionless,,,,,,undetermined_missing_measured_value_or_uncertainty,Gaussian sigma 0.03,A local Gaussian approximation to a bounded eccentricity posterior.,not_modelled,
SIMULATED,GJ 1002 b,3,inclination_precision_requirement,orbital inclination,,degrees,,,,,,undetermined_missing_measured_value_or_uncertainty,Gaussian sigma 0.5 degrees,A future independent astrometric or transit-geometry constraint.,not_modelled,
SIMULATED,Wolf 1069 b,4,mass_precision_requirement,planet mass or minimum mass,1.26,Earth masses,0.21,0.126,0.1080441086,0.6645679736,0.9587689199,synthetic_linear_gaussian,"max(0.10 * measured value, 0.10 Earth masses)",A future independent Gaussian mass-like measurement.,not_modelled,1
SIMULATED,Wolf 1069 b,4,radius_precision_requirement,planet radius,1.08,Earth radii,,,,,,undetermined_missing_measured_value_or_uncertainty,"max(0.02 * measured value, 0.01 Earth radii)",A future independent Gaussian radius measurement.,not_modelled,
SIMULATED,Wolf 1069 b,4,stellar_radius_precision_requirement,stellar radius,0.1813,Solar radii,0.0063,0.005,0.003916444515,0.4753654026,0.6858073089,synthetic_linear_gaussian,"max(0.01 * measured value, 0.005 Solar radii)",A future independent Gaussian stellar-radius measurement.,not_modelled,2
SIMULATED,Wolf 1069 b,4,stellar_age_precision_requirement,stellar age,,Gyr,,,,,,undetermined_missing_measured_value_or_uncertainty,"max(0.20 * measured value, 0.20 Gyr)",A future independent Gaussian stellar-age constraint.,not_modelled,
SIMULATED,Wolf 1069 b,4,eccentricity_precision_requirement,orbital eccentricity,,dimensionless,,,,,,undetermined_missing_measured_value_or_uncertainty,Gaussian sigma 0.03,A local Gaussian approximation to a bounded eccentricity posterior.,not_modelled,
SIMULATED,Wolf 1069 b,4,inclination_precision_requirement,orbital inclination,,degrees,,,,,,undetermined_missing_measured_value_or_uncertainty,Gaussian sigma 0.5 degrees,A future independent astrometric or transit-geometry constraint.,not_modelled,
SIMULATED,Teegarden's Star c,5,mass_precision_requirement,planet mass or minimum mass,1.05,Earth masses,0.135,0.105,0.08288198282,0.4878570762,0.7038289845,synthetic_linear_gaussian,"max(0.10 * measured value, 0.10 Earth masses)",A future independent Gaussian mass-like measurement.,not_modelled,3
SIMULATED,Teegarden's Star c,5,radius_precision_requirement,planet radius,1.02,Earth radii,,,,,,undetermined_missing_measured_value_or_uncertainty,"max(0.02 * measured value, 0.01 Earth radii)",A future independent Gaussian radius measurement.,not_modelled,
SIMULATED,Teegarden's Star c,5,stellar_radius_precision_requirement,stellar radius,0.12,Solar radii,0.012,0.005,0.004615384615,0.955511445,1.378511623,synthetic_linear_gaussian,"max(0.01 * measured value, 0.005 Solar radii)",A future independent Gaussian stellar-radius measurement.,not_modelled,1
SIMULATED,Teegarden's Star c,5,stellar_age_precision_requirement,stellar age,8,Gyr,,,,,,undetermined_missing_measured_value_or_uncertainty,"max(0.20 * measured value, 0.20 Gyr)",A future independent Gaussian stellar-age constraint.,not_modelled,
SIMULATED,Teegarden's Star c,5,eccentricity_precision_requirement,orbital eccentricity,0.04,dimensionless,0.05,0.03,0.02572478777,0.6645679736,0.9587689199,synthetic_linear_gaussian,Gaussian sigma 0.03,A local Gaussian approximation to a bounded eccentricity posterior.,not_modelled,2
SIMULATED,Teegarden's Star c,5,inclination_precision_requirement,orbital inclination,,degrees,,,,,,undetermined_missing_measured_value_or_uncertainty,Gaussian sigma 0.5 degrees,A future independent astrometric or transit-geometry constraint.,not_modelled,
SIMULATED,Kepler-1649 c,6,mass_precision_requirement,planet mass or minimum mass,1.2,Earth masses,,,,,,undetermined_missing_measured_value_or_uncertainty,"max(0.10 * measured value, 0.10 Earth masses)",A future independent Gaussian mass-like measurement.,not_modelled,
SIMULATED,Kepler-1649 c,6,radius_precision_requirement,planet radius,1.06,Earth radii,0.125,0.0212,0.02090152375,1.788491674,2.580248069,synthetic_linear_gaussian,"max(0.02 * measured value, 0.01 Earth radii)",A future independent Gaussian radius measurement.,not_modelled,1
SIMULATED,Kepler-1649 c,6,stellar_radius_precision_requirement,stellar radius,0.2317,Solar radii,0.0049,0.005,0.003499642912,0.336574267,0.4855740259,synthetic_linear_gaussian,"max(0.01 * measured value, 0.005 Solar radii)",A future independent Gaussian stellar-radius measurement.,not_modelled,2
SIMULATED,Kepler-1649 c,6,stellar_age_precision_requirement,stellar age,,Gyr,,,,,,undetermined_missing_measured_value_or_uncertainty,"max(0.20 * measured value, 0.20 Gyr)",A future independent Gaussian stellar-age constraint.,not_modelled,
SIMULATED,Kepler-1649 c,6,eccentricity_precision_requirement,orbital eccentricity,0,dimensionless,,,,,,undetermined_missing_measured_value_or_uncertainty,Gaussian sigma 0.03,A local Gaussian approximation to a bounded eccentricity posterior.,not_modelled,
SIMULATED,Kepler-1649 c,6,inclination_precision_requirement,orbital inclination,89.339,degrees,0.056,0.5,0.05565203822,0.006232987922,0.008992300765,synthetic_linear_gaussian,Gaussian sigma 0.5 degrees,A future independent astrometric or transit-geometry constraint.,not_modelled,3
SIMULATED,GJ 1002 c,7,mass_precision_requirement,planet mass or minimum mass,1.36,Earth masses,0.17,0.136,0.1061981581,0.4704916722,0.6787760023,synthetic_linear_gaussian,"max(0.10 * measured value, 0.10 Earth masses)",A future independent Gaussian mass-like measurement.,not_modelled,1
SIMULATED,GJ 1002 c,7,radius_precision_requirement,planet radius,1.1,Earth radii,,,,,,undetermined_missing_measured_value_or_uncertainty,"max(0.02 * measured value, 0.01 Earth radii)",A future independent Gaussian radius measurement.,not_modelled,
SIMULATED,GJ 1002 c,7,stellar_radius_precision_requirement,stellar radius,0.137,Solar radii,0.005,0.005,0.003535533906,0.3465735903,0.5,synthetic_linear_gaussian,"max(0.01 * measured value, 0.005 Solar radii)",A future independent Gaussian stellar-radius measurement.,not_modelled,2
SIMULATED,GJ 1002 c,7,stellar_age_precision_requirement,stellar age,,Gyr,,,,,,undetermined_missing_measured_value_or_uncertainty,"max(0.20 * measured value, 0.20 Gyr)",A future independent Gaussian stellar-age constraint.,not_modelled,
SIMULATED,GJ 1002 c,7,eccentricity_precision_requirement,orbital eccentricity,,dimensionless,,,,,,undetermined_missing_measured_value_or_uncertainty,Gaussian sigma 0.03,A local Gaussian approximation to a bounded eccentricity posterior.,not_modelled,
SIMULATED,GJ 1002 c,7,inclination_precision_requirement,orbital inclination,,degrees,,,,,,undetermined_missing_measured_value_or_uncertainty,Gaussian sigma 0.5 degrees,A future independent astrometric or transit-geometry constraint.,not_modelled,
SIMULATED,Kepler-1229 b,8,mass_precision_requirement,planet mass or minimum mass,2.54,Earth masses,,,,,,undetermined_missing_measured_value_or_uncertainty,"max(0.10 * measured value, 0.10 Earth masses)",A future independent Gaussian mass-like measurement.,not_modelled,
SIMULATED,Kepler-1229 b,8,radius_precision_requirement,planet radius,1.4,Earth radii,0.12,0.028,0.02726755387,1.48179425,2.137777216,synthetic_linear_gaussian,"max(0.02 * measured value, 0.01 Earth radii)",A future independent Gaussian radius measurement.,not_modelled,3
SIMULATED,Kepler-1229 b,8,stellar_radius_precision_requirement,stellar radius,0.51,Solar radii,0.029,0.0051,0.005022918375,1.753284716,2.529455165,synthetic_linear_gaussian,"max(0.01 * measured value, 0.005 Solar radii)",A future independent Gaussian stellar-radius measurement.,not_modelled,1
SIMULATED,Kepler-1229 b,8,stellar_age_precision_requirement,stellar age,3.72,Gyr,3.695,0.744,0.729361606,1.622566194,2.340868202,synthetic_linear_gaussian,"max(0.20 * measured value, 0.20 Gyr)",A future independent Gaussian stellar-age constraint.,not_modelled,2
SIMULATED,Kepler-1229 b,8,eccentricity_precision_requirement,orbital eccentricity,0,dimensionless,,,,,,undetermined_missing_measured_value_or_uncertainty,Gaussian sigma 0.03,A local Gaussian approximation to a bounded eccentricity posterior.,not_modelled,
SIMULATED,Kepler-1229 b,8,inclination_precision_requirement,orbital inclination,89.9971,degrees,0.0301,0.5,0.030045606,0.001808744495,0.002609466713,synthetic_linear_gaussian,Gaussian sigma 0.5 degrees,A future independent astrometric or transit-geometry constraint.,not_modelled,4
SIMULATED,GJ 667 C f,9,mass_precision_requirement,planet mass or minimum mass,2.7,Earth masses,1.3,0.27,0.2643584992,1.59281341,2.297944008,synthetic_linear_gaussian,"max(0.10 * measured value, 0.10 Earth masses)",A future independent Gaussian mass-like measurement.,not_modelled,1
SIMULATED,GJ 667 C f,9,radius_precision_requirement,planet radius,1.45,Earth radii,,,,,,undetermined_missing_measured_value_or_uncertainty,"max(0.02 * measured value, 0.01 Earth radii)",A future independent Gaussian radius measurement.,not_modelled,
SIMULATED,GJ 667 C f,9,stellar_radius_precision_requirement,stellar radius,,Solar radii,,,,,,undetermined_missing_measured_value_or_uncertainty,"max(0.01 * measured value, 0.005 Solar radii)",A future independent Gaussian stellar-radius measurement.,not_modelled,
SIMULATED,GJ 667 C f,9,stellar_age_precision_requirement,stellar age,2,Gyr,,,,,,undetermined_missing_measured_value_or_uncertainty,"max(0.20 * measured value, 0.20 Gyr)",A future independent Gaussian stellar-age constraint.,not_modelled,
SIMULATED,GJ 667 C f,9,eccentricity_precision_requirement,orbital eccentricity,0.03,dimensionless,0.095,0.03,0.02860747995,1.200208671,1.731535098,synthetic_linear_gaussian,Gaussian sigma 0.03,A local Gaussian approximation to a bounded eccentricity posterior.,not_modelled,2
SIMULATED,GJ 667 C f,9,inclination_precision_requirement,orbital inclination,,degrees,,,,,,undetermined_missing_measured_value_or_uncertainty,Gaussian sigma 0.5 degrees,A future independent astrometric or transit-geometry constraint.,not_modelled,
SIMULATED,TOI-700 d,10,mass_precision_requirement,planet mass or minimum mass,1.25,Earth masses,,,,,,undetermined_missing_measured_value_or_uncertainty,"max(0.10 * measured value, 0.10 Earth masses)",A future independent Gaussian mass-like measurement.,not_modelled,
SIMULATED,TOI-700 d,10,radius_precision_requirement,planet radius,1.073,Earth radii,0.0565,0.02146,0.02006163443,1.035431382,1.49381172,synthetic_linear_gaussian,"max(0.02 * measured value, 0.01 Earth radii)",A future independent Gaussian radius measurement.,not_modelled,2
SIMULATED,TOI-700 d,10,stellar_radius_precision_requirement,stellar radius,0.421,Solar radii,0.016,0.005,0.00477239989,1.209739422,1.745285065,synthetic_linear_gaussian,"max(0.01 * measured value, 0.005 Solar radii)",A future independent Gaussian stellar-radius measurement.,not_modelled,1
SIMULATED,TOI-700 d,10,stellar_age_precision_requirement,stellar age,1.5,Gyr,,,,,,undetermined_missing_measured_value_or_uncertainty,"max(0.20 * measured value, 0.20 Gyr)",A future independent Gaussian stellar-age constraint.,not_modelled,
SIMULATED,TOI-700 d,10,eccentricity_precision_requirement,orbital eccentricity,0.042,dimensionless,0.0375,0.03,0.02342606428,0.4704916722,0.6787760023,synthetic_linear_gaussian,Gaussian sigma 0.03,A local Gaussian approximation to a bounded eccentricity posterior.,not_modelled,3
SIMULATED,TOI-700 d,10,inclination_precision_requirement,orbital inclination,89.8,degrees,0.11,0.5,0.1074308913,0.02363259623,0.03409462939,synthetic_linear_gaussian,Gaussian sigma 0.5 degrees,A future independent astrometric or transit-geometry constraint.,not_modelled,4
SIMULATED,Kepler-442 b,11,mass_precision_requirement,planet mass or minimum mass,2.36,Earth masses,,,,,,undetermined_missing_measured_value_or_uncertainty,"max(0.10 * measured value, 0.10 Earth masses)",A future independent Gaussian mass-like measurement.,not_modelled,
SIMULATED,Kepler-442 b,11,radius_precision_requirement,planet radius,1.34,Earth radii,0.145,0.0268,0.02635364349,1.705127204,2.459978562,synthetic_linear_gaussian,"max(0.02 * measured value, 0.01 Earth radii)",A future independent Gaussian radius measurement.,not_modelled,2
SIMULATED,Kepler-442 b,11,stellar_radius_precision_requirement,stellar radius,0.598,Solar radii,0.0235,0.00598,0.005795308273,1.399951749,2.019703446,synthetic_linear_gaussian,"max(0.01 * measured value, 0.005 Solar radii)",A future independent Gaussian stellar-radius measurement.,not_modelled,3
SIMULATED,Kepler-442 b,11,stellar_age_precision_requirement,stellar age,2.9,Gyr,4.15,0.58,0.5744172025,1.977507647,2.852940476,synthetic_linear_gaussian,"max(0.20 * measured value, 0.20 Gyr)",A future independent Gaussian stellar-age constraint.,not_modelled,1
SIMULATED,Kepler-442 b,11,eccentricity_precision_requirement,orbital eccentricity,0.04,dimensionless,0.06,0.03,0.02683281573,0.8047189562,1.160964047,synthetic_linear_gaussian,Gaussian sigma 0.03,A local Gaussian approximation to a bounded eccentricity posterior.,not_modelled,4
SIMULATED,Kepler-442 b,11,inclination_precision_requirement,orbital inclination,89.94,degrees,0.09,0.5,0.08857649916,0.01594309443,0.02300102327,synthetic_linear_gaussian,Gaussian sigma 0.5 degrees,A future independent astrometric or transit-geometry constraint.,not_modelled,5
SIMULATED,Kepler-186 f,12,mass_precision_requirement,planet mass or minimum mass,1.71,Earth masses,,,,,,undetermined_missing_measured_value_or_uncertainty,"max(0.10 * measured value, 0.10 Earth masses)",A future independent Gaussian mass-like measurement.,not_modelled,
SIMULATED,Kepler-186 f,12,radius_precision_requirement,planet radius,1.17,Earth radii,0.08,0.0234,0.02245896257,1.270336877,1.832708712,synthetic_linear_gaussian,"max(0.02 * measured value, 0.01 Earth radii)",A future independent Gaussian radius measurement.,not_modelled,2
SIMULATED,Kepler-186 f,12,stellar_radius_precision_requirement,stellar radius,0.523,Solar radii,0.022,0.00523,0.00508819806,1.464118701,2.112276789,synthetic_linear_gaussian,"max(0.01 * measured value, 0.005 Solar radii)",A future independent Gaussian stellar-radius measurement.,not_modelled,1
SIMULATED,Kepler-186 f,12,stellar_age_precision_requirement,stellar age,4,Gyr,0.6,0.8,0.48,0.2231435513,0.3219280949,synthetic_linear_gaussian,"max(0.20 * measured value, 0.20 Gyr)",A future independent Gaussian stellar-age constraint.,not_modelled,4
SIMULATED,Kepler-186 f,12,eccentricity_precision_requirement,orbital eccentricity,0.04,dimensionless,0.055,0.03,0.02633686719,0.7363634334,1.062347874,synthetic_linear_gaussian,Gaussian sigma 0.03,A local Gaussian approximation to a bounded eccentricity posterior.,not_modelled,3
SIMULATED,Kepler-186 f,12,inclination_precision_requirement,orbital inclination,89.96,degrees,0.07,0.5,0.06932392227,0.00970519676,0.01400163924,synthetic_linear_gaussian,Gaussian sigma 0.5 degrees,A future independent astrometric or transit-geometry constraint.,not_modelled,5
SIMULATED,GJ 667 C e,13,mass_precision_requirement,planet mass or minimum mass,2.7,Earth masses,1.5,0.27,0.2657294975,1.730741523,2.496932212,synthetic_linear_gaussian,"max(0.10 * measured value, 0.10 Earth masses)",A future independent Gaussian mass-like measurement.,not_modelled,1
SIMULATED,GJ 667 C e,13,radius_precision_requirement,planet radius,1.45,Earth radii,,,,,,undetermined_missing_measured_value_or_uncertainty,"max(0.02 * measured value, 0.01 Earth radii)",A future independent Gaussian radius measurement.,not_modelled,
SIMULATED,GJ 667 C e,13,stellar_radius_precision_requirement,stellar radius,,Solar radii,,,,,,undetermined_missing_measured_value_or_uncertainty,"max(0.01 * measured value, 0.005 Solar radii)",A future independent Gaussian stellar-radius measurement.,not_modelled,
SIMULATED,GJ 667 C e,13,stellar_age_precision_requirement,stellar age,2,Gyr,,,,,,undetermined_missing_measured_value_or_uncertainty,"max(0.20 * measured value, 0.20 Gyr)",A future independent Gaussian stellar-age constraint.,not_modelled,
SIMULATED,GJ 667 C e,13,eccentricity_precision_requirement,orbital eccentricity,0.02,dimensionless,0.12,0.03,0.029104275,1.416606672,2.043731421,synthetic_linear_gaussian,Gaussian sigma 0.03,A local Gaussian approximation to a bounded eccentricity posterior.,not_modelled,2
SIMULATED,GJ 667 C e,13,inclination_precision_requirement,orbital inclination,,degrees,,,,,,undetermined_missing_measured_value_or_uncertainty,Gaussian sigma 0.5 degrees,A future independent astrometric or transit-geometry constraint.,not_modelled,
SIMULATED,TOI-715 b,14,mass_precision_requirement,planet mass or minimum mass,3.02,Earth masses,,,,,,undetermined_missing_measured_value_or_uncertainty,"max(0.10 * measured value, 0.10 Earth masses)",A future independent Gaussian mass-like measurement.,not_modelled,
SIMULATED,TOI-715 b,14,radius_precision_requirement,planet radius,1.55,Earth radii,0.064,0.031,0.02789942104,0.8302771461,1.197836721,synthetic_linear_gaussian,"max(0.02 * measured value, 0.01 Earth radii)",A future independent Gaussian radius measurement.,not_modelled,3
SIMULATED,TOI-715 b,14,stellar_radius_precision_requirement,stellar radius,0.24,Solar radii,0.012,0.005,0.004615384615,0.955511445,1.378511623,synthetic_linear_gaussian,"max(0.01 * measured value, 0.005 Solar radii)",A future independent Gaussian stellar-radius measurement.,not_modelled,1
SIMULATED,TOI-715 b,14,stellar_age_precision_requirement,stellar age,6.2,Gyr,2.7,1.24,1.126844856,0.8738302089,1.260670509,synthetic_linear_gaussian,"max(0.20 * measured value, 0.20 Gyr)",A future independent Gaussian stellar-age constraint.,not_modelled,2
SIMULATED,TOI-715 b,14,eccentricity_precision_requirement,orbital eccentricity,,dimensionless,,,,,,undetermined_missing_measured_value_or_uncertainty,Gaussian sigma 0.03,A local Gaussian approximation to a bounded eccentricity posterior.,not_modelled,
SIMULATED,TOI-715 b,14,inclination_precision_requirement,orbital inclination,89.856,degrees,0.0175,0.5,0.01748929109,0.0006121251498,0.0008831099181,synthetic_linear_gaussian,Gaussian sigma 0.5 degrees,A future independent astrometric or transit-geometry constraint.,not_modelled,4
SIMULATED,LHS 1140 b,15,mass_precision_requirement,planet mass or minimum mass,5.6,Earth masses,0.19,0.56,0.1799259531,0.0544786778,0.07859611829,synthetic_linear_gaussian,"max(0.10 * measured value, 0.10 Earth masses)",A future independent Gaussian mass-like measurement.,not_modelled,3
SIMULATED,LHS 1140 b,15,radius_precision_requirement,planet radius,1.73,Earth radii,0.025,0.0346,0.02026389158,0.2100352627,0.3030168319,synthetic_linear_gaussian,"max(0.02 * measured value, 0.01 Earth radii)",A future independent Gaussian radius measurement.,not_modelled,1
SIMULATED,LHS 1140 b,15,stellar_radius_precision_requirement,stellar radius,0.2159,Solar radii,0.003,0.005,0.002572478777,0.1537423499,0.2218033257,synthetic_linear_gaussian,"max(0.01 * measured value, 0.005 Solar radii)",A future independent Gaussian stellar-radius measurement.,not_modelled,2
SIMULATED,LHS 1140 b,15,stellar_age_precision_requirement,stellar age,5,Gyr,,,,,,undetermined_missing_measured_value_or_uncertainty,"max(0.20 * measured value, 0.20 Gyr)",A future independent Gaussian stellar-age constraint.,not_modelled,
SIMULATED,LHS 1140 b,15,eccentricity_precision_requirement,orbital eccentricity,0.043,dimensionless,,,,,,undetermined_missing_measured_value_or_uncertainty,Gaussian sigma 0.03,A local Gaussian approximation to a bounded eccentricity posterior.,not_modelled,
SIMULATED,LHS 1140 b,15,inclination_precision_requirement,orbital inclination,89.86,degrees,0.04,0.5,0.03987261114,0.003189803482,0.004601913665,synthetic_linear_gaussian,Gaussian sigma 0.5 degrees,A future independent astrometric or transit-geometry constraint.,not_modelled,4
SIMULATED,Gl 725 B c,16,mass_precision_requirement,planet mass or minimum mass,3.4,Earth masses,0.7,0.34,0.3058327739,0.8280418729,1.194611904,synthetic_linear_gaussian,"max(0.10 * measured value, 0.10 Earth masses)",A future independent Gaussian mass-like measurement.,not_modelled,1
SIMULATED,Gl 725 B c,16,radius_precision_requirement,planet radius,1.66,Earth radii,,,,,,undetermined_missing_measured_value_or_uncertainty,"max(0.02 * measured value, 0.01 Earth radii)",A future independent Gaussian radius measurement.,not_modelled,
SIMULATED,Gl 725 B c,16,stellar_radius_precision_requirement,stellar radius,0.28,Solar radii,0.005,0.005,0.003535533906,0.3465735903,0.5,synthetic_linear_gaussian,"max(0.01 * measured value, 0.005 Solar radii)",A future independent Gaussian stellar-radius measurement.,not_modelled,3
SIMULATED,Gl 725 B c,16,stellar_age_precision_requirement,stellar age,8.7,Gyr,2.1,1.74,1.339837516,0.4493889949,0.6483312743,synthetic_linear_gaussian,"max(0.20 * measured value, 0.20 Gyr)",A future independent Gaussian stellar-age constraint.,not_modelled,2
SIMULATED,Gl 725 B c,16,eccentricity_precision_requirement,orbital eccentricity,,dimensionless,,,,,,undetermined_missing_measured_value_or_uncertainty,Gaussian sigma 0.03,A local Gaussian approximation to a bounded eccentricity posterior.,not_modelled,
SIMULATED,Gl 725 B c,16,inclination_precision_requirement,orbital inclination,,degrees,,,,,,undetermined_missing_measured_value_or_uncertainty,Gaussian sigma 0.5 degrees,A future independent astrometric or transit-geometry constraint.,not_modelled,
SIMULATED,Kepler-62 f,17,mass_precision_requirement,planet mass or minimum mass,35,Earth masses,,,,,,undetermined_missing_measured_value_or_uncertainty,"max(0.10 * measured value, 0.10 Earth masses)",A future independent Gaussian mass-like measurement.,not_modelled,
SIMULATED,Kepler-62 f,17,radius_precision_requirement,planet radius,1.41,Earth radii,0.07,0.0282,0.02615719278,0.9843710307,1.420147204,synthetic_linear_gaussian,"max(0.02 * measured value, 0.01 Earth radii)",A future independent Gaussian radius measurement.,not_modelled,3
SIMULATED,Kepler-62 f,17,stellar_radius_precision_requirement,stellar radius,0.64,Solar radii,0.02,0.0064,0.006095514542,1.188179094,1.714180086,synthetic_linear_gaussian,"max(0.01 * measured value, 0.005 Solar radii)",A future independent Gaussian stellar-radius measurement.,not_modelled,1
SIMULATED,Kepler-62 f,17,stellar_age_precision_requirement,stellar age,7,Gyr,4,1.4,1.321401699,1.107601295,1.597930895,synthetic_linear_gaussian,"max(0.20 * measured value, 0.20 Gyr)",A future independent Gaussian stellar-age constraint.,not_modelled,2
SIMULATED,Kepler-62 f,17,eccentricity_precision_requirement,orbital eccentricity,0,dimensionless,,,,,,undetermined_missing_measured_value_or_uncertainty,Gaussian sigma 0.03,A local Gaussian approximation to a bounded eccentricity posterior.,not_modelled,
SIMULATED,Kepler-62 f,17,inclination_precision_requirement,orbital inclination,89.9,degrees,0.03,0.5,0.02994614536,0.001796767755,0.00259218793,synthetic_linear_gaussian,Gaussian sigma 0.5 degrees,A future independent astrometric or transit-geometry constraint.,not_modelled,4
SIMULATED,Kepler-1652 b,18,mass_precision_requirement,planet mass or minimum mass,3.19,Earth masses,,,,,,undetermined_missing_measured_value_or_uncertainty,"max(0.10 * measured value, 0.10 Earth masses)",A future independent Gaussian mass-like measurement.,not_modelled,
SIMULATED,Kepler-1652 b,18,radius_precision_requirement,planet radius,1.6,Earth radii,0.18,0.032,0.03150600025,1.742778839,2.514298389,synthetic_linear_gaussian,"max(0.02 * measured value, 0.01 Earth radii)",A future independent Gaussian radius measurement.,not_modelled,2
SIMULATED,Kepler-1652 b,18,stellar_radius_precision_requirement,stellar radius,0.382,Solar radii,0.038,0.005,0.004957271478,2.036730676,2.938381245,synthetic_linear_gaussian,"max(0.01 * measured value, 0.005 Solar radii)",A future independent Gaussian stellar-radius measurement.,not_modelled,1
SIMULATED,Kepler-1652 b,18,stellar_age_precision_requirement,stellar age,3.2,Gyr,0.75,0.64,0.486839453,0.4321388031,0.6234445081,synthetic_linear_gaussian,"max(0.20 * measured value, 0.20 Gyr)",A future independent Gaussian stellar-age constraint.,not_modelled,3
SIMULATED,Kepler-1652 b,18,eccentricity_precision_requirement,orbital eccentricity,0,dimensionless,,,,,,undetermined_missing_measured_value_or_uncertainty,Gaussian sigma 0.03,A local Gaussian approximation to a bounded eccentricity posterior.,not_modelled,
SIMULATED,Kepler-1652 b,18,inclination_precision_requirement,orbital inclination,89.9927,degrees,0.0737,0.5,0.07291218343,0.01074704896,0.01550471423,synthetic_linear_gaussian,Gaussian sigma 0.5 degrees,A future independent astrometric or transit-geometry constraint.,not_modelled,4
SIMULATED,GJ 3378 b,19,mass_precision_requirement,planet mass or minimum mass,2.3,Earth masses,0.4,0.23,0.1993884497,0.6962096165,1.004418161,synthetic_linear_gaussian,"max(0.10 * measured value, 0.10 Earth masses)",A future independent Gaussian mass-like measurement.,not_modelled,2
SIMULATED,GJ 3378 b,19,radius_precision_requirement,planet radius,1.32,Earth radii,,,,,,undetermined_missing_measured_value_or_uncertainty,"max(0.02 * measured value, 0.01 Earth radii)",A future independent Gaussian radius measurement.,not_modelled,
SIMULATED,GJ 3378 b,19,stellar_radius_precision_requirement,stellar radius,0.275,Solar radii,0.009,0.005,0.004370786381,0.7222816346,1.042032132,synthetic_linear_gaussian,"max(0.01 * measured value, 0.005 Solar radii)",A future independent Gaussian stellar-radius measurement.,not_modelled,1
SIMULATED,GJ 3378 b,19,stellar_age_precision_requirement,stellar age,,Gyr,,,,,,undetermined_missing_measured_value_or_uncertainty,"max(0.20 * measured value, 0.20 Gyr)",A future independent Gaussian stellar-age constraint.,not_modelled,
SIMULATED,GJ 3378 b,19,eccentricity_precision_requirement,orbital eccentricity,0,dimensionless,,,,,,undetermined_missing_measured_value_or_uncertainty,Gaussian sigma 0.03,A local Gaussian approximation to a bounded eccentricity posterior.,not_modelled,
SIMULATED,GJ 3378 b,19,inclination_precision_requirement,orbital inclination,,degrees,,,,,,undetermined_missing_measured_value_or_uncertainty,Gaussian sigma 0.5 degrees,A future independent astrometric or transit-geometry constraint.,not_modelled,
SIMULATED,Kepler-1544 b,20,mass_precision_requirement,planet mass or minimum mass,3.82,Earth masses,,,,,,undetermined_missing_measured_value_or_uncertainty,"max(0.10 * measured value, 0.10 Earth masses)",A future independent Gaussian mass-like measurement.,not_modelled,
SIMULATED,Kepler-1544 b,20,radius_precision_requirement,planet radius,1.78,Earth radii,0.08,0.0356,0.03252498145,0.9000181806,1.298451766,synthetic_linear_gaussian,"max(0.02 * measured value, 0.01 Earth radii)",A future independent Gaussian radius measurement.,not_modelled,3
SIMULATED,Kepler-1544 b,20,stellar_radius_precision_requirement,stellar radius,0.74,Solar radii,0.0175,0.0074,0.006815695074,0.9429728292,1.360422224,synthetic_linear_gaussian,"max(0.01 * measured value, 0.005 Solar radii)",A future independent Gaussian stellar-radius measurement.,not_modelled,2
SIMULATED,Kepler-1544 b,20,stellar_age_precision_requirement,stellar age,2.34,Gyr,1.511,0.468,0.4470479221,1.217861165,1.757002263,synthetic_linear_gaussian,"max(0.20 * measured value, 0.20 Gyr)",A future independent Gaussian stellar-age constraint.,not_modelled,1
SIMULATED,Kepler-1544 b,20,eccentricity_precision_requirement,orbital eccentricity,0,dimensionless,,,,,,undetermined_missing_measured_value_or_uncertainty,Gaussian sigma 0.03,A local Gaussian approximation to a bounded eccentricity posterior.,not_modelled,
SIMULATED,Kepler-1544 b,20,inclination_precision_requirement,orbital inclination,89.797,degrees,0.01445,0.5,0.01444396939,0.0004174307031,0.0006022252053,synthetic_linear_gaussian,Gaussian sigma 0.5 degrees,A future independent astrometric or transit-geometry constraint.,not_modelled,4
SIMULATED,GJ 251 c,21,mass_precision_requirement,planet mass or minimum mass,3.88,Earth masses,0.79,0.388,0.3482633203,0.8190740844,1.18167412,synthetic_linear_gaussian,"max(0.10 * measured value, 0.10 Earth masses)",A future independent Gaussian mass-like measurement.,not_modelled,2
SIMULATED,GJ 251 c,21,radius_precision_requirement,planet radius,1.8,Earth radii,,,,,,undetermined_missing_measured_value_or_uncertainty,"max(0.02 * measured value, 0.01 Earth radii)",A future independent Gaussian radius measurement.,not_modelled,
SIMULATED,GJ 251 c,21,stellar_radius_precision_requirement,stellar radius,0.36,Solar radii,0.01,0.005,0.004472135955,0.8047189562,1.160964047,synthetic_linear_gaussian,"max(0.01 * measured value, 0.005 Solar radii)",A future independent Gaussian stellar-radius measurement.,not_modelled,3
SIMULATED,GJ 251 c,21,stellar_age_precision_requirement,stellar age,6.8,Gyr,4.65,1.36,1.305316681,1.270421541,1.832830857,synthetic_linear_gaussian,"max(0.20 * measured value, 0.20 Gyr)",A future independent Gaussian stellar-age constraint.,not_modelled,1
SIMULATED,GJ 251 c,21,eccentricity_precision_requirement,orbital eccentricity,0,dimensionless,,,,,,undetermined_missing_measured_value_or_uncertainty,Gaussian sigma 0.03,A local Gaussian approximation to a bounded eccentricity posterior.,not_modelled,
SIMULATED,GJ 251 c,21,inclination_precision_requirement,orbital inclination,,degrees,,,,,,undetermined_missing_measured_value_or_uncertainty,Gaussian sigma 0.5 degrees,A future independent astrometric or transit-geometry constraint.,not_modelled,
SIMULATED,Kepler-296 f,22,mass_precision_requirement,planet mass or minimum mass,3.89,Earth masses,,,,,,undetermined_missing_measured_value_or_uncertainty,"max(0.10 * measured value, 0.10 Earth masses)",A future independent Gaussian mass-like measurement.,not_modelled,
SIMULATED,Kepler-296 f,22,radius_precision_requirement,planet radius,1.8,Earth radii,0.305,0.036,0.03575181891,2.14371063,3.092720695,synthetic_linear_gaussian,"max(0.02 * measured value, 0.01 Earth radii)",A future independent Gaussian radius measurement.,not_modelled,2
SIMULATED,Kepler-296 f,22,stellar_radius_precision_requirement,stellar radius,0.48,Solar radii,0.0765,0.005,0.004989354442,2.72998421,3.938534681,synthetic_linear_gaussian,"max(0.01 * measured value, 0.005 Solar radii)",A future independent Gaussian stellar-radius measurement.,not_modelled,1
SIMULATED,Kepler-296 f,22,stellar_age_precision_requirement,stellar age,4.2,Gyr,2.5,0.84,0.7962546752,1.144126932,1.650626252,synthetic_linear_gaussian,"max(0.20 * measured value, 0.20 Gyr)",A future independent Gaussian stellar-age constraint.,not_modelled,3
SIMULATED,Kepler-296 f,22,eccentricity_precision_requirement,orbital eccentricity,0.33,dimensionless,,,,,,undetermined_missing_measured_value_or_uncertainty,Gaussian sigma 0.03,A local Gaussian approximation to a bounded eccentricity posterior.,not_modelled,
SIMULATED,Kepler-296 f,22,inclination_precision_requirement,orbital inclination,89.95,degrees,0.085,0.5,0.08379774697,0.0142451352,0.02055138591,synthetic_linear_gaussian,Gaussian sigma 0.5 degrees,A future independent astrometric or transit-geometry constraint.,not_modelled,4
SIMULATED,Kepler-452 b,23,mass_precision_requirement,planet mass or minimum mass,3.29,Earth masses,,,,,,undetermined_missing_measured_value_or_uncertainty,"max(0.10 * measured value, 0.10 Earth masses)",A future independent Gaussian mass-like measurement.,not_modelled,
SIMULATED,Kepler-452 b,23,radius_precision_requirement,planet radius,1.63,Earth radii,0.215,0.0326,0.03223158695,1.897691095,2.737789532,synthetic_linear_gaussian,"max(0.02 * measured value, 0.01 Earth radii)",A future independent Gaussian radius measurement.,not_modelled,2
SIMULATED,Kepler-452 b,23,stellar_radius_precision_requirement,stellar radius,1.11,Solar radii,0.12,0.0111,0.01105281539,2.384806561,3.440548599,synthetic_linear_gaussian,"max(0.01 * measured value, 0.005 Solar radii)",A future independent Gaussian stellar-radius measurement.,not_modelled,1
SIMULATED,Kepler-452 b,23,stellar_age_precision_requirement,stellar age,6,Gyr,2,1.2,1.028991511,0.6645679736,0.9587689199,synthetic_linear_gaussian,"max(0.20 * measured value, 0.20 Gyr)",A future independent Gaussian stellar-age constraint.,not_modelled,3
SIMULATED,Kepler-452 b,23,eccentricity_precision_requirement,orbital eccentricity,0,dimensionless,,,,,,undetermined_missing_measured_value_or_uncertainty,Gaussian sigma 0.03,A local Gaussian approximation to a bounded eccentricity posterior.,not_modelled,
SIMULATED,Kepler-452 b,23,inclination_precision_requirement,orbital inclination,89.806,degrees,0.0915,0.5,0.09000531678,0.01647022832,0.02376151672,synthetic_linear_gaussian,Gaussian sigma 0.5 degrees,A future independent astrometric or transit-geometry constraint.,not_modelled,4
SIMULATED,Kepler-438 b,24,mass_precision_requirement,planet mass or minimum mass,1.46,Earth masses,,,,,,undetermined_missing_measured_value_or_uncertainty,"max(0.10 * measured value, 0.10 Earth masses)",A future independent Gaussian mass-like measurement.,not_modelled,
SIMULATED,Kepler-438 b,24,radius_precision_requirement,planet radius,1.12,Earth radii,0.165,0.0224,0.02219639276,2.006015687,2.894068883,synthetic_linear_gaussian,"max(0.02 * measured value, 0.01 Earth radii)",A future independent Gaussian radius measurement.,not_modelled,2
SIMULATED,Kepler-438 b,24,stellar_radius_precision_requirement,stellar radius,0.52,Solar radii,0.0495,0.0052,0.005171542735,2.258801624,3.258761902,synthetic_linear_gaussian,"max(0.01 * measured value, 0.005 Solar radii)",A future independent Gaussian stellar-radius measurement.,not_modelled,1
SIMULATED,Kepler-438 b,24,stellar_age_precision_requirement,stellar age,4.4,Gyr,0.75,0.88,0.5708138129,0.273010122,0.3938703491,synthetic_linear_gaussian,"max(0.20 * measured value, 0.20 Gyr)",A future independent Gaussian stellar-age constraint.,not_modelled,4
SIMULATED,Kepler-438 b,24,eccentricity_precision_requirement,orbital eccentricity,0.03,dimensionless,0.065,0.03,0.02723878154,0.8697455203,1.254777549,synthetic_linear_gaussian,Gaussian sigma 0.03,A local Gaussian approximation to a bounded eccentricity posterior.,not_modelled,3
SIMULATED,Kepler-438 b,24,inclination_precision_requirement,orbital inclination,89.86,degrees,0.23,0.5,0.2089528041,0.09597090009,0.1384567416,synthetic_linear_gaussian,Gaussian sigma 0.5 degrees,A future independent astrometric or transit-geometry constraint.,not_modelled,5
SIMULATED,GJ 667 C c,25,mass_precision_requirement,planet mass or minimum mass,3.8,Earth masses,1.35,0.38,0.3657852803,1.305813376,1.883890482,synthetic_linear_gaussian,"max(0.10 * measured value, 0.10 Earth masses)",A future independent Gaussian mass-like measurement.,not_modelled,1
SIMULATED,GJ 667 C c,25,radius_precision_requirement,planet radius,1.77,Earth radii,,,,,,undetermined_missing_measured_value_or_uncertainty,"max(0.02 * measured value, 0.01 Earth radii)",A future independent Gaussian radius measurement.,not_modelled,
SIMULATED,GJ 667 C c,25,stellar_radius_precision_requirement,stellar radius,,Solar radii,,,,,,undetermined_missing_measured_value_or_uncertainty,"max(0.01 * measured value, 0.005 Solar radii)",A future independent Gaussian stellar-radius measurement.,not_modelled,
SIMULATED,GJ 667 C c,25,stellar_age_precision_requirement,stellar age,2,Gyr,,,,,,undetermined_missing_measured_value_or_uncertainty,"max(0.20 * measured value, 0.20 Gyr)",A future independent Gaussian stellar-age constraint.,not_modelled,
SIMULATED,GJ 667 C c,25,eccentricity_precision_requirement,orbital eccentricity,0.02,dimensionless,0.085,0.03,0.02828971001,1.100153122,1.587185453,synthetic_linear_gaussian,Gaussian sigma 0.03,A local Gaussian approximation to a bounded eccentricity posterior.,not_modelled,2
SIMULATED,GJ 667 C c,25,inclination_precision_requirement,orbital inclination,,degrees,,,,,,undetermined_missing_measured_value_or_uncertainty,Gaussian sigma 0.5 degrees,A future independent astrometric or transit-geometry constraint.,not_modelled,
