kepid,kepoi_name,TCE_ID,koi_disposition,koi_pdisposition,koi_period,koi_period_err1,koi_period_err2,koi_prad,koi_prad_err1,koi_prad_err2,koi_model_snr,koi_score,fpp_prob,astrophysical_planet_probability,astrophysical_planet_probability_label,observed_tce_disposition,observed_tce_mes,published_comparison_box,robovetter_score_is_candidate_reliability,false_alarm_reliability,total_candidate_reliability,reliability_status
6584273,K03287.01,006584273-01,CONFIRMED,CANDIDATE,51.1104797,0.0004344,-0.0004344,1.6,0.45,-0.14,21.9,0.949,8.3e-05,0.999917,MODEL-INFERRED,PC,19.6583,False,False,,,pending_validated_smooth_false_alarm_model
8037145,K00520.04,008037145-04,CONFIRMED,CANDIDATE,51.1658019,0.0004308,-0.0004308,1.51,0.05,-0.11,12.2,0.905,0.0048,0.9952,MODEL-INFERRED,PC,10.1711,False,False,,,pending_validated_smooth_false_alarm_model
4277304,K04774.01,004277304-01,CANDIDATE,CANDIDATE,51.567801,0.0006141,-0.0006141,1.3,0.24,-0.18,13.5,0.986,0.012,0.988,MODEL-INFERRED,PC,10.004,False,False,,,pending_validated_smooth_false_alarm_model
5213230,K03474.01,005213230-01,CONFIRMED,CANDIDATE,52.6095103,0.0007321,-0.0007321,1.83,0.3,-0.32,15.3,0.978,0.0008,0.9992,MODEL-INFERRED,PC,12.5319,False,False,,,pending_validated_smooth_false_alarm_model
6264750,K04715.01,006264750-01,CANDIDATE,CANDIDATE,53.285584,0.001112,-0.001112,1.44,0.42,-0.33,11,0.844,0.0017,0.9983,MODEL-INFERRED,PC,8.8568,False,False,,,pending_validated_smooth_false_alarm_model
4587135,K04680.01,004587135-01,CANDIDATE,CANDIDATE,54.0812235,0.0009413,-0.0009413,1.54,0.37,-0.12,11.6,0.767,0.067,0.933,MODEL-INFERRED,PC,10.3345,False,False,,,pending_validated_smooth_false_alarm_model
10585749,K04563.01,010585749-01,CANDIDATE,CANDIDATE,54.333582,0.001271,-0.001271,1.7,0.27,-0.33,10.5,0.603,0.0053,0.9947,MODEL-INFERRED,PC,9.4641,False,False,,,pending_validated_smooth_false_alarm_model
9838468,K02943.01,009838468-01,CONFIRMED,CANDIDATE,54.4099612,0.0005548,-0.0005548,1.56,0.24,-0.24,20.8,0.948,0.011,0.989,MODEL-INFERRED,PC,14.6651,False,False,,,pending_validated_smooth_false_alarm_model
3217264,K00401.03,003217264-03,CONFIRMED,CANDIDATE,55.3291399,0.0005174,-0.0005174,1.67,0.19,-0.13,21.8,0.997,0.0072,0.9928,MODEL-INFERRED,PC,16.5177,False,False,,,pending_validated_smooth_false_alarm_model
4450844,K03168.01,004450844-01,CANDIDATE,CANDIDATE,56.3479517,0.0009519,-0.0009519,1.06,0.04,-0.04,15.1,0.999,0.11,0.89,MODEL-INFERRED,PC,9.1668,False,False,,,pending_validated_smooth_false_alarm_model
8349399,K04763.01,008349399-01,CANDIDATE,CANDIDATE,56.446465,0.001205,-0.001205,1.57,0.46,-0.28,12.4,0.903,0.0043,0.9957,MODEL-INFERRED,PC,8.8675,False,False,,,pending_validated_smooth_false_alarm_model
7663405,K01519.02,007663405-02,CANDIDATE,CANDIDATE,57.132855,0.001069,-0.001069,1.81,0.13,-0.17,11,0.742,0.12,0.88,MODEL-INFERRED,PC,8.4943,False,False,,,pending_validated_smooth_false_alarm_model
5942949,K02525.01,005942949-01,CONFIRMED,CANDIDATE,57.2932309,0.0005315,-0.0005315,1.95,0.14,-0.18,15.7,0.833,0.0013,0.9987,MODEL-INFERRED,PC,11.2588,False,False,,,pending_validated_smooth_false_alarm_model
12785320,K00298.02,012785320-02,CANDIDATE,CANDIDATE,57.3840375,0.0003638,-0.0003638,1.62,0.1,-0.11,22.9,0.915,0.013,0.987,MODEL-INFERRED,PC,17.3706,False,False,,,pending_validated_smooth_false_alarm_model
11360805,K02422.02,011360805-02,CANDIDATE,CANDIDATE,57.3888262,0.0005823,-0.0005823,1.88,0.14,-0.1,11.9,0.852,0.017,0.983,MODEL-INFERRED,PC,7.9999,False,False,,,pending_validated_smooth_false_alarm_model
10933306,K05842.01,010933306-01,CANDIDATE,CANDIDATE,57.7749373,0.0009835,-0.0009835,1.85,0.59,-0.2,10.4,0.995,0.018,0.982,MODEL-INFERRED,PC,8.859,False,False,,,pending_validated_smooth_false_alarm_model
11125797,K03371.01,011125797-01,CANDIDATE,CANDIDATE,58.1263775,0.0005845,-0.0005845,1.32,0.17,-0.04,13.8,0.998,0.0044,0.9956,MODEL-INFERRED,PC,10.819,False,False,,,pending_validated_smooth_false_alarm_model
10467714,K04480.01,010467714-01,CANDIDATE,CANDIDATE,58.7488629,0.0004987,-0.0004987,1.75,0.33,-0.23,13.6,1,0.013,0.987,MODEL-INFERRED,PC,11.5944,False,False,,,pending_validated_smooth_false_alarm_model
9071593,K02257.02,009071593-02,CONFIRMED,CANDIDATE,59.284064,0.0006992,-0.0006992,1.81,0.13,-0.11,13.1,0.514,0.0021,0.9979,MODEL-INFERRED,PC,10.6643,False,False,,,pending_validated_smooth_false_alarm_model
2577353,K07635.01,002577353-01,CANDIDATE,CANDIDATE,60.458443,0.0018,-0.0018,1.59,0.46,-0.31,9.7,0.872,0.11,0.89,MODEL-INFERRED,PC,8.2247,False,False,,,pending_validated_smooth_false_alarm_model
4844470,K03469.01,004844470-01,CANDIDATE,CANDIDATE,60.532988,0.0004557,-0.0004557,1.91,0.53,-0.17,23.8,0.955,0.0082,0.9918,MODEL-INFERRED,PC,12.7107,False,False,,,pending_validated_smooth_false_alarm_model
3223433,K04548.01,003223433-01,CANDIDATE,CANDIDATE,61.083322,0.001918,-0.001918,1.61,0.26,-0.11,11.5,1,0.019,0.981,MODEL-INFERRED,PC,10.0898,False,False,,,pending_validated_smooth_false_alarm_model
4141593,K07685.01,004141593-01,CANDIDATE,CANDIDATE,64.740274,0.001485,-0.001485,1.35,0.39,-0.31,16.4,0.651,0.00054,0.99946,MODEL-INFERRED,PC,8.6662,False,False,,,pending_validated_smooth_false_alarm_model
11922778,K03408.01,011922778-01,CANDIDATE,CANDIDATE,65.427645,0.001087,-0.001087,1.65,0.52,-0.17,15.6,0.864,0.0067,0.9933,MODEL-INFERRED,PC,13.706,False,False,,,pending_validated_smooth_false_alarm_model
3646449,K04999.01,003646449-01,CANDIDATE,CANDIDATE,65.752109,0.001934,-0.001934,2,0.29,-0.14,9.9,0.979,0.016,0.984,MODEL-INFERRED,PC,9.0277,False,False,,,pending_validated_smooth_false_alarm_model
11444514,K04371.01,011444514-01,CONFIRMED,CANDIDATE,66.373298,0.0007009,-0.0007009,1.99,0.64,-0.21,13.7,0.997,0.0013,0.9987,MODEL-INFERRED,PC,9.9445,False,False,,,pending_validated_smooth_false_alarm_model
9413156,K04700.02,009413156-02,CANDIDATE,CANDIDATE,66.47762,0.001134,-0.001134,1.83,0.39,-0.16,9.1,0.573,0.0035,0.9965,MODEL-INFERRED,PC,7.324,False,False,,,pending_validated_smooth_false_alarm_model
3548044,K02194.02,003548044-02,CONFIRMED,CANDIDATE,67.968656,0.0005854,-0.0005854,1.71,0.22,-0.22,27.3,0.979,0.0024,0.9976,MODEL-INFERRED,PC,20.3878,False,False,,,pending_validated_smooth_false_alarm_model
8962094,K00700.04,008962094-04,CONFIRMED,CANDIDATE,68.1609897,0.0004525,-0.0004525,1.45,0.18,-0.07,25,0.976,0.046,0.954,MODEL-INFERRED,PC,17.7233,False,False,,,pending_validated_smooth_false_alarm_model
10453588,K02484.01,010453588-01,CONFIRMED,CANDIDATE,68.8861017,0.0005576,-0.0005576,1.47,0.24,-0.33,19.5,0.939,0.00013,0.99987,MODEL-INFERRED,PC,14.9629,False,False,,,pending_validated_smooth_false_alarm_model
9955598,K01925.01,009955598-01,CONFIRMED,CANDIDATE,68.958447,0.0002345,-0.0002345,1.11,0.05,-0.04,30,0.999,0.0076,0.9924,MODEL-INFERRED,PC,27.2692,False,False,,,pending_validated_smooth_false_alarm_model
1865864,K04926.01,001865864-01,CANDIDATE,CANDIDATE,69.089357,0.002371,-0.002371,1.47,0.13,-0.14,8.6,0.523,0.61,0.39,MODEL-INFERRED,PC,7.6351,False,False,,,pending_validated_smooth_false_alarm_model
11669125,K01535.01,011669125-01,CONFIRMED,CANDIDATE,70.6981724,0.0003535,-0.0003535,1.63,0.22,-0.1,37.7,0.956,3.5e-05,0.999965,MODEL-INFERRED,PC,31.9327,False,False,,,pending_validated_smooth_false_alarm_model
7888863,K05440.01,007888863-01,CANDIDATE,CANDIDATE,74.624063,0.001895,-0.001895,1.75,0.55,-0.18,11,0.716,0.0045,0.9955,MODEL-INFERRED,PC,9.4414,False,False,,,pending_validated_smooth_false_alarm_model
2854698,K00986.02,002854698-02,CONFIRMED,CANDIDATE,76.0498163,0.0008776,-0.0008776,1.75,0.11,-0.13,17.4,0.881,0.0054,0.9946,MODEL-INFERRED,PC,12.8004,False,False,,,pending_validated_smooth_false_alarm_model
12266099,K08077.01,012266099-01,CANDIDATE,CANDIDATE,77.177672,0.00111,-0.00111,1.29,0.09,-0.12,8,0.34,0.43,0.57,MODEL-INFERRED,PC,7.2295,False,False,,,pending_validated_smooth_false_alarm_model
8409295,K03404.01,008409295-01,CONFIRMED,CANDIDATE,82.292865,0.001225,-0.001225,1.82,0.25,-0.12,13,0.993,0.00085,0.99915,MODEL-INFERRED,PC,11.7531,False,False,,,pending_validated_smooth_false_alarm_model
9282853,K05651.01,009282853-01,CANDIDATE,CANDIDATE,83.499618,0.004992,-0.004992,1.72,0.19,-0.2,16.1,0.643,0.22,0.78,MODEL-INFERRED,PC,11.8832,False,False,,,pending_validated_smooth_false_alarm_model
7429287,K04260.04,007429287-04,CANDIDATE,CANDIDATE,84.799829,0.003327,-0.003327,1.16,0.05,-0.01,14.4,0.971,0.87,0.13,MODEL-INFERRED,PC,7.9636,False,False,,,pending_validated_smooth_false_alarm_model
10160922,K07990.01,010160922-01,CANDIDATE,CANDIDATE,87.487573,0.002634,-0.002634,1.87,0.49,-0.16,8.4,0.789,0.013,0.987,MODEL-INFERRED,PC,7.8486,False,False,,,pending_validated_smooth_false_alarm_model
5088536,K00282.03,005088536-03,CONFIRMED,CANDIDATE,87.5177787,0.0006657,-0.0006657,1.85,0.08,-0.07,12.2,0.894,0.54,0.46,MODEL-INFERRED,PC,10.865,False,False,,,pending_validated_smooth_false_alarm_model
4742420,K06120.01,004742420-01,CANDIDATE,CANDIDATE,90.097375,0.002806,-0.002806,1.7,0.55,-0.23,11.5,0.997,0.037,0.963,MODEL-INFERRED,PC,9.2464,False,False,,,pending_validated_smooth_false_alarm_model
9881662,K00327.02,009881662-02,CONFIRMED,CANDIDATE,91.3514816,0.0007633,-0.0007633,1.57,0.25,-0.14,25.5,1,9.8e-05,0.999902,MODEL-INFERRED,PC,15.7533,False,False,,,pending_validated_smooth_false_alarm_model
12121570,K02290.01,012121570-01,CONFIRMED,CANDIDATE,91.500873,0.0005231,-0.0005231,1.82,0.13,-0.07,22.6,0.97,0.00029,0.99971,MODEL-INFERRED,PC,18.6613,False,False,,,pending_validated_smooth_false_alarm_model
6268648,K01613.02,006268648-02,CANDIDATE,CANDIDATE,94.094392,0.003053,-0.003053,0.9,0.04,-0.03,10.6,1,0.011,0.989,MODEL-INFERRED,PC,8.987,False,False,,,pending_validated_smooth_false_alarm_model
4912650,K05098.01,004912650-01,CANDIDATE,CANDIDATE,100.345648,0.001295,-0.001295,1.57,0.11,-0.08,15.2,0.923,0.015,0.985,MODEL-INFERRED,PC,10.7829,False,False,,,pending_validated_smooth_false_alarm_model
10026502,K04706.01,010026502-01,CONFIRMED,CANDIDATE,101.952048,0.001733,-0.001733,1.31,0.42,-0.15,10.3,0.665,0.0039,0.9961,MODEL-INFERRED,PC,10.029,False,False,,,pending_validated_smooth_false_alarm_model
6387557,K05279.01,006387557-01,CANDIDATE,CANDIDATE,103.722152,0.00234,-0.00234,1.95,0.32,-0.23,9.4,0.765,0.011,0.989,MODEL-INFERRED,PC,7.9219,False,False,,,pending_validated_smooth_false_alarm_model
4247991,K02311.03,004247991-01,CONFIRMED,CANDIDATE,104.3519624,0.0006973,-0.0006973,1.39,0.2,-0.06,15.8,0.976,0.0072,0.9928,MODEL-INFERRED,PC,12.5548,False,False,,,pending_validated_smooth_false_alarm_model
10610039,K04577.01,010610039-01,CANDIDATE,CANDIDATE,105.997107,0.001265,-0.001265,1.83,0.52,-0.14,10.9,0.695,0.24,0.76,MODEL-INFERRED,PC,10.3717,False,False,,,pending_validated_smooth_false_alarm_model
5184911,K02719.02,005184911-02,CANDIDATE,CANDIDATE,106.25976,0.002607,-0.002607,1.5,0.1,-0.16,7.7,0.99,0.04,0.96,MODEL-INFERRED,PC,10.0224,False,False,,,pending_validated_smooth_false_alarm_model
9205938,K02162.01,009205938-01,CONFIRMED,CANDIDATE,108.593113,0.00113,-0.00113,1.68,0.21,-0.21,24.3,1,0.00013,0.99987,MODEL-INFERRED,PC,20.2338,False,False,,,pending_validated_smooth_false_alarm_model
6021275,K00284.04,006021275-04,CONFIRMED,CANDIDATE,110.2867031,0.0007428,-0.0007428,1.41,0.2,-0.23,16.4,0.844,0.0035,0.9965,MODEL-INFERRED,PC,9.9589,False,False,,,pending_validated_smooth_false_alarm_model
10658177,K05817.01,010658177-01,CANDIDATE,CANDIDATE,113.083522,0.002385,-0.002385,1.59,0.28,-0.31,13,0.95,0.00076,0.99924,MODEL-INFERRED,PC,9.2867,False,False,,,pending_validated_smooth_false_alarm_model
9002278,K00701.03,009002278-03,CONFIRMED,CANDIDATE,122.3858681,0.0005022,-0.0005022,1.72,0.1,-0.07,46.3,0.994,0.0028,0.9972,MODEL-INFERRED,PC,35.9406,False,False,,,pending_validated_smooth_false_alarm_model
7770901,K05426.01,007770901-01,CANDIDATE,CANDIDATE,124.887214,0.002758,-0.002758,1.78,0.49,-0.5,13.3,0.99,0.011,0.989,MODEL-INFERRED,PC,10.1577,False,False,,,pending_validated_smooth_false_alarm_model
5193439,K06538.01,005193439-01,CANDIDATE,CANDIDATE,129.847318,0.005348,-0.005348,1.45,0.48,-0.16,11.1,0.285,0.0023,0.9977,MODEL-INFERRED,PC,7.6745,False,False,,,pending_validated_smooth_false_alarm_model
5888187,K07749.01,005888187-01,CANDIDATE,CANDIDATE,133.6348207,0.0009309,-0.0009309,1.89,0.12,-0.19,10.8,0.656,0.99,0.01,MODEL-INFERRED,PC,8.2497,False,False,,,pending_validated_smooth_false_alarm_model
5977470,K04550.01,005977470-01,CONFIRMED,CANDIDATE,140.251943,0.001677,-0.001677,1.84,0.05,-0.12,11.9,0.934,0.0022,0.9978,MODEL-INFERRED,PC,9.6396,False,False,,,pending_validated_smooth_false_alarm_model
9391817,K05663.01,009391817-01,CANDIDATE,CANDIDATE,140.884533,0.002615,-0.002615,1.52,0.26,-0.2,16.4,0.965,0.0012,0.9988,MODEL-INFERRED,PC,11.9549,False,False,,,pending_validated_smooth_false_alarm_model
9514372,K04242.01,009514372-01,CANDIDATE,CANDIDATE,145.786556,0.002417,-0.002417,1.82,0.24,-0.15,13.9,0.996,0.094,0.906,MODEL-INFERRED,PC,12.0519,False,False,,,pending_validated_smooth_false_alarm_model
6716545,K02906.02,006716545-03,CANDIDATE,CANDIDATE,145.881936,0.005153,-0.005153,1.8,0.33,-0.3,11.2,0.804,0.00094,0.99906,MODEL-INFERRED,PC,7.6291,False,False,,,pending_validated_smooth_false_alarm_model
9521317,K07940.01,009521317-01,CANDIDATE,CANDIDATE,188.881049,0.001156,-0.001156,1.86,0.41,-0.19,12.9,0.896,0.88,0.12,MODEL-INFERRED,PC,8.6582,False,False,,,pending_validated_smooth_false_alarm_model
6697817,K03508.01,006697817-01,CANDIDATE,CANDIDATE,190.800788,0.002576,-0.002576,1.67,0.27,-0.07,13,0.975,0.008,0.992,MODEL-INFERRED,PC,10.5599,False,False,,,pending_validated_smooth_false_alarm_model
9205938,K02162.02,009205938-02,CONFIRMED,CANDIDATE,199.66876,0.003961,-0.003961,1.45,0.18,-0.18,13.9,0.92,0.0012,0.9988,MODEL-INFERRED,PC,11.0906,False,False,,,pending_validated_smooth_false_alarm_model
6368905,K05276.01,006368905-01,CANDIDATE,CANDIDATE,220.720142,0.00618,-0.00618,2,0.28,-0.16,12,0.193,0.025,0.975,MODEL-INFERRED,PC,9.6669,False,False,,,pending_validated_smooth_false_alarm_model
10331279,K08000.01,010331279-01,CANDIDATE,CANDIDATE,225.48805,0.01866,-0.01866,1.7,0.43,-0.14,11.6,0.975,0.93,0.07,MODEL-INFERRED,PC,8.7165,False,False,,,pending_validated_smooth_false_alarm_model
8692861,K00172.02,008692861-02,CONFIRMED,CANDIDATE,242.467406,0.0026,-0.0026,1.73,0.21,-0.22,23.2,0.693,0.0086,0.9914,MODEL-INFERRED,PC,18.012,False,False,,,pending_validated_smooth_false_alarm_model
8873873,K08174.01,008873873-01,CANDIDATE,CANDIDATE,295.06066,0.02829,-0.02829,0.64,0.07,-0.07,10.4,0.665,0.018,0.982,MODEL-INFERRED,PC,7.3721,False,False,,,pending_validated_smooth_false_alarm_model
11294822,K08047.01,011294822-01,CANDIDATE,CANDIDATE,302.34971,0.01009,-0.01009,1.98,0.11,-0.13,8,0.513,0.14,0.86,MODEL-INFERRED,PC,7.6661,False,False,,,pending_validated_smooth_false_alarm_model
4940203,K07711.01,004940203-01,CANDIDATE,CANDIDATE,302.779824,0.009594,-0.009594,1.31,0.34,-0.12,12.3,0.987,0.0097,0.9903,MODEL-INFERRED,PC,8.4757,True,False,,,pending_validated_smooth_false_alarm_model
9674320,K07223.01,009674320-01,CANDIDATE,CANDIDATE,317.062416,0.002425,-0.002425,1.59,0.27,-0.12,9.8,0.947,0.14,0.86,MODEL-INFERRED,PC,10.3247,False,False,,,pending_validated_smooth_false_alarm_model
3629119,K08242.01,003629119-01,CANDIDATE,CANDIDATE,331.55459,0.01384,-0.01384,1.36,0.32,-0.11,6.7,0.175,0.0094,0.9906,MODEL-INFERRED,PC,7.1282,True,False,,,pending_validated_smooth_false_alarm_model
8555967,K07894.01,008555967-01,CANDIDATE,CANDIDATE,347.97611,0.01268,-0.01268,1.62,0.49,-0.15,11.9,0.837,0.014,0.986,MODEL-INFERRED,PC,8.5435,False,False,,,pending_validated_smooth_false_alarm_model
7219825,K00238.03,007219825-02,CANDIDATE,CANDIDATE,362.97828,0.01599,-0.01599,1.96,0.33,-0.29,13,0.784,0.017,0.983,MODEL-INFERRED,PC,11.8663,False,False,,,pending_validated_smooth_false_alarm_model
9650762,K07954.01,009650762-01,CANDIDATE,CANDIDATE,372.15035,0.02752,-0.02752,1.74,0.46,-0.14,12.3,0.839,0.0065,0.9935,MODEL-INFERRED,PC,8.9062,False,False,,,pending_validated_smooth_false_alarm_model
9210820,K07930.01,009210820-01,CANDIDATE,CANDIDATE,377.67241,0.01947,-0.01947,1.37,0.11,-0.11,10.2,0.469,0.019,0.981,MODEL-INFERRED,PC,8.0038,True,False,,,pending_validated_smooth_false_alarm_model
11296205,K08048.01,011296205-01,CANDIDATE,CANDIDATE,379.67276,0.02319,-0.02319,1.33,0.36,-0.11,7.9,0.334,0.013,0.987,MODEL-INFERRED,PC,7.22,True,False,,,pending_validated_smooth_false_alarm_model
8311864,K07016.01,008311864-01,CONFIRMED,CANDIDATE,384.847556,0.007105,-0.007105,1.09,0.2,-0.1,12.3,0.771,0.0086,0.9914,MODEL-INFERRED,PC,7.6024,True,False,,,pending_validated_smooth_false_alarm_model
9084569,K07923.01,009084569-02,CANDIDATE,CANDIDATE,395.13138,0.02017,-0.02017,0.97,0.12,-0.1,14.4,0.75,0.54,0.46,MODEL-INFERRED,PC,10.0291,True,False,,,pending_validated_smooth_false_alarm_model
5098334,K08253.01,005098334-01,CANDIDATE,CANDIDATE,400.11482,0.04988,-0.04988,0.95,0.13,-0.04,6.7,0.067,0.023,0.977,MODEL-INFERRED,PC,7.8577,True,False,,,pending_validated_smooth_false_alarm_model
5956171,K08259.01,005956171-01,CANDIDATE,CANDIDATE,402.27493,0.02267,-0.02267,1.73,0.52,-0.18,11.1,0.311,0.021,0.979,MODEL-INFERRED,PC,7.4788,False,False,,,pending_validated_smooth_false_alarm_model
4742188,K07703.01,004742188-01,CANDIDATE,CANDIDATE,413.51856,0.01904,-0.01904,1.96,0.61,-0.22,7.9,0.255,0.011,0.989,MODEL-INFERRED,PC,7.3555,False,False,,,pending_validated_smooth_false_alarm_model
2284957,K08085.01,002284957-01,CANDIDATE,CANDIDATE,419.2615,0.02931,-0.02931,1.7,0.46,-0.31,10.1,0.416,0.027,0.973,MODEL-INFERRED,PC,7.8587,False,False,,,pending_validated_smooth_false_alarm_model
4446859,K08246.01,004446859-01,CANDIDATE,CANDIDATE,425.64971,0.02019,-0.02019,1.58,0.45,-0.37,7.6,0.228,0.011,0.989,MODEL-INFERRED,PC,7.1563,False,False,,,pending_validated_smooth_false_alarm_model
8022520,K08272.01,008022520-01,CANDIDATE,CANDIDATE,432.42787,0.03739,-0.03739,1.14,0.37,-0.13,6,0.12,0.017,0.983,MODEL-INFERRED,PC,7.6195,True,False,,,pending_validated_smooth_false_alarm_model
9650579,K07953.01,009650579-01,CANDIDATE,CANDIDATE,432.96905,0.04634,-0.04634,1.43,0.33,-0.12,8.1,0.335,0.23,0.77,MODEL-INFERRED,PC,7.3161,True,False,,,pending_validated_smooth_false_alarm_model
3548044,K02194.03,003548044-03,CANDIDATE,CANDIDATE,445.21685,0.01812,-0.01812,1.37,0.18,-0.18,11.1,0.496,0.046,0.954,MODEL-INFERRED,PC,7.934,True,False,,,pending_validated_smooth_false_alarm_model
5097856,K07716.01,005097856-01,CANDIDATE,CANDIDATE,483.36405,0.04975,-0.04975,1.27,0.25,-0.1,8.3,0.23,0.0085,0.9915,MODEL-INFERRED,PC,7.1057,True,False,,,pending_validated_smooth_false_alarm_model
