radius_lower_earth,radius_upper_earth,period_lower_days,period_upper_days,n_injected,n_recovered,n_vetted_pc,n_recovery_code_2,label,pipeline_mean,pipeline_lower,pipeline_upper,pipeline_and_vetting_mean,pipeline_and_vetting_lower,pipeline_and_vetting_upper,vetting_given_recovered_mean,vetting_given_recovered_lower,vetting_given_recovered_upper
0.5,0.75,0.5,2,105,25,25,0,SIMULATED,0.2405660377,0.1644729815,0.3259264978,0.2405660377,0.1644729815,0.3259264978,0.9807692308,0.9053172359,0.9999805542
0.5,0.75,2,5,142,31,30,0,SIMULATED,0.2202797203,0.1564687706,0.2914972689,0.2132867133,0.1503566606,0.2838079871,0.953125,0.8589620059,0.9964970816
0.5,0.75,5,10,133,30,29,0,SIMULATED,0.2276119403,0.1609214016,0.3019995885,0.2201492537,0.1544016633,0.2938042332,0.9516129032,0.8545822226,0.9963795356
0.5,0.75,10,20,161,27,27,0,SIMULATED,0.1697530864,0.1161491082,0.2310720198,0.1697530864,0.1161491082,0.2310720198,0.9821428571,0.9119491685,0.9999819813
0.5,0.75,20,50,192,33,31,0,SIMULATED,0.1735751295,0.1236103244,0.2299422356,0.1632124352,0.1146462089,0.2183833204,0.9264705882,0.8194907661,0.9871926854
0.5,0.75,50,100,117,24,23,0,SIMULATED,0.2076271186,0.1396838505,0.2849493506,0.1991525424,0.1324729389,0.2754817876,0.94,0.8213050812,0.9954668099
0.5,0.75,100,200,93,12,11,0,SIMULATED,0.1329787234,0.07251606564,0.2081859559,0.1223404255,0.06449706245,0.1953477242,0.8846153846,0.6715042736,0.9908556738
0.5,0.75,200,300,47,4,4,0,SIMULATED,0.09375,0.02941192658,0.1897572692,0.09375,0.02941192658,0.1897572692,0.9,0.5552373823,0.9998846672
0.5,0.75,300,400,26,1,1,0,SIMULATED,0.05555555556,0.004181774945,0.1660345583,0.05555555556,0.004181774945,0.1660345583,0.75,0.1467463163,0.999614419
0.5,0.75,400,500,13,0,0,0,SIMULATED,0.03571428571,3.70519333e-05,0.1726194453,0.03571428571,3.70519333e-05,0.1726194453,,,
0.75,1,0.5,2,81,38,36,0,SIMULATED,0.4695121951,0.3631347579,0.5772990582,0.4451219512,0.3397605361,0.5530202544,0.9358974359,0.8417053041,0.9889028613
0.75,1,2,5,181,63,60,0,SIMULATED,0.3489010989,0.2815127085,0.4194352716,0.3324175824,0.266006078,0.4023178988,0.9453125,0.8783568538,0.9864080662
0.75,1,5,10,271,81,80,0,SIMULATED,0.2996323529,0.246742907,0.3553126619,0.2959558824,0.2432852627,0.3514685476,0.9817073171,0.9437573609,0.9986646875
0.75,1,10,20,433,127,119,2,SIMULATED,0.2937788018,0.251902848,0.3374549567,0.2753456221,0.2343784713,0.3182738228,0.93359375,0.8846698445,0.9697715565
0.75,1,20,50,807,133,126,1,SIMULATED,0.1652227723,0.1404317474,0.1915831815,0.1565594059,0.1323402365,0.1823885257,0.9440298507,0.8994550273,0.9761528764
0.75,1,50,100,706,110,101,1,SIMULATED,0.1562942008,0.1304862464,0.183943451,0.1435643564,0.1187112786,0.1703268184,0.9144144144,0.8560189279,0.9587440331
0.75,1,100,200,659,88,76,1,SIMULATED,0.1340909091,0.1091882013,0.1610931716,0.1159090909,0.09263365285,0.1413881312,0.8595505618,0.780605562,0.9232374973
0.75,1,200,300,341,30,25,0,SIMULATED,0.08918128655,0.06137382976,0.1215323624,0.07456140351,0.04920491823,0.1046209764,0.8225806452,0.6725722483,0.9334260464
0.75,1,300,400,211,21,16,0,SIMULATED,0.1014150943,0.06458414675,0.1453535933,0.07783018868,0.04579339788,0.1173871797,0.75,0.5542965936,0.9028366471
0.75,1,400,500,129,8,8,0,SIMULATED,0.06538461538,0.02975275349,0.1135956778,0.06538461538,0.02975275349,0.1135956778,0.9444444444,0.7377827513,0.9999405097
1,1.5,0.5,2,33,16,16,0,SIMULATED,0.4852941176,0.3216313057,0.6505971905,0.4852941176,0.3216313057,0.6505971905,0.9705882353,0.8568158621,0.9999697865
1,1.5,2,5,126,70,68,0,SIMULATED,0.5551181102,0.4683526128,0.6402387205,0.5393700787,0.4525796082,0.6249856132,0.9647887324,0.9114984185,0.9940161408
1,1.5,5,10,331,171,160,0,SIMULATED,0.5165662651,0.4628328327,0.57011062,0.4834337349,0.42988938,0.5371671673,0.9331395349,0.8914407214,0.9653448446
1,1.5,10,20,815,389,364,1,SIMULATED,0.4773284314,0.443139984,0.5116221481,0.4466911765,0.4127341124,0.480895765,0.9346153846,0.9080869411,0.9569310123
1,1.5,20,50,2465,903,854,3,SIMULATED,0.3663828062,0.3474745473,0.3854963494,0.346512571,0.3278546908,0.3654062625,0.9452433628,0.9295145859,0.9591083276
1,1.5,50,100,3422,976,900,7,SIMULATED,0.2852760736,0.2702716129,0.3005181926,0.2630733275,0.248457834,0.277951052,0.9216990788,0.9040637829,0.9377002073
1,1.5,100,200,4871,1087,1003,19,SIMULATED,0.2232142857,0.2116315149,0.2350122903,0.2059729064,0.1947335292,0.2174409234,0.9223345588,0.9057193228,0.9374800458
1,1.5,200,300,3478,589,517,11,SIMULATED,0.1694452429,0.1571629543,0.1820874867,0.1487496407,0.1371201029,0.1607616637,0.8771186441,0.8494703159,0.9023466883
1,1.5,300,400,2644,388,331,1,SIMULATED,0.1468809074,0.1336488501,0.1606187173,0.1253308129,0.1129867718,0.1382114548,0.85218509,0.8152970474,0.8856451043
1,1.5,400,500,2141,213,152,0,SIMULATED,0.09967320261,0.08734898779,0.112705335,0.07119514472,0.06069284672,0.08245561767,0.7126168224,0.6503260666,0.7711436273
1.5,2,0.5,2,5,3,3,0,SIMULATED,0.5833333333,0.2094166641,0.9056096727,0.5833333333,0.2094166641,0.9056096727,0.875,0.464416757,0.999849364
1.5,2,2,5,17,5,4,0,SIMULATED,0.3055555556,0.1221664428,0.5297511721,0.25,0.08508207603,0.4672212858,0.75,0.3713735994,0.977487234
1.5,2,5,10,57,40,38,0,SIMULATED,0.6982758621,0.5752474967,0.8083556267,0.6637931034,0.5384385553,0.7784472193,0.9390243902,0.8491349488,0.989465515
1.5,2,10,20,237,151,141,1,SIMULATED,0.6365546218,0.5745493249,0.6963858802,0.5945378151,0.5315977681,0.6559726781,0.9309210526,0.8857141636,0.965445101
1.5,2,20,50,1293,718,684,1,SIMULATED,0.5552550232,0.5281131964,0.5822350658,0.5289799073,0.5017554829,0.5561194796,0.9520166898,0.935254589,0.9664011178
1.5,2,50,100,2702,1379,1271,4,SIMULATED,0.5103588605,0.4915113068,0.5291918946,0.4704032556,0.45161271,0.489235286,0.9213768116,0.9066143362,0.9349829965
1.5,2,100,200,6079,2461,2278,50,SIMULATED,0.4048519737,0.3925447413,0.4172184958,0.3747532895,0.362626466,0.386958158,0.9254670999,0.9147724037,0.9355072583
1.5,2,200,300,5861,1975,1751,31,SIMULATED,0.3370010235,0.3249549191,0.3491524747,0.2987888093,0.2871379724,0.3105696891,0.8863866397,0.8720329678,0.8999996256
1.5,2,300,400,5156,1432,1192,11,SIMULATED,0.2777777778,0.2656367214,0.2900820903,0.2312390925,0.2198323551,0.242843274,0.8321702722,0.8123952379,0.8510672079
1.5,2,400,500,4654,806,605,2,SIMULATED,0.173254565,0.1625176195,0.1842574332,0.130075188,0.1205647514,0.1398866803,0.7503097893,0.7198899424,0.7795545671
2,3,0.5,2,1,1,1,0,SIMULATED,0.75,0.1467463163,0.999614419,0.75,0.1467463163,0.999614419,0.75,0.1467463163,0.999614419
2,3,2,5,4,2,2,0,SIMULATED,0.5,0.1227538828,0.8772461172,0.5,0.1227538828,0.8772461172,0.8333333333,0.3331782456,0.9997830915
2,3,5,10,13,2,2,0,SIMULATED,0.1785714286,0.03341157295,0.4090053018,0.1785714286,0.03341157295,0.4090053018,0.8333333333,0.3331782456,0.9997830915
2,3,10,20,51,31,31,0,SIMULATED,0.6057692308,0.4709446249,0.7328835921,0.6057692308,0.4709446249,0.7328835921,0.984375,0.9227699643,0.9999842875
2,3,20,50,395,239,214,1,SIMULATED,0.6047979798,0.5562328384,0.6523603883,0.5416666667,0.492481,0.590453645,0.89375,0.8518681051,0.9294272305
2,3,50,100,1286,742,681,2,SIMULATED,0.5769230769,0.5498334011,0.6037863011,0.5295260295,0.5022285794,0.5567365584,0.9172274563,0.896392544,0.9359366354
2,3,100,200,4481,2494,2287,51,SIMULATED,0.5565595716,0.5419939272,0.571077406,0.5103748327,0.4957379049,0.5250029905,0.9168336673,0.9056887444,0.9273457879
2,3,200,300,6038,3146,2789,47,SIMULATED,0.5210299718,0.5084254227,0.5336213276,0.4619142242,0.4493536965,0.4744986455,0.8863997458,0.875084769,0.897249598
2,3,300,400,6750,3058,2611,18,SIMULATED,0.4530439935,0.4411840584,0.4649302801,0.3868315805,0.3752470314,0.3984796393,0.8537103629,0.840972341,0.8660103428
2,3,400,500,7025,2029,1536,17,SIMULATED,0.2888556789,0.2783160505,0.299509162,0.2186877313,0.2090994054,0.2284277469,0.7568965517,0.738004421,0.7753092442
3,4,0.5,2,0,0,0,0,SIMULATED,,,,,,,,,
3,4,2,5,2,1,1,0,SIMULATED,0.5,0.06083027592,0.9391697241,0.5,0.06083027592,0.9391697241,0.75,0.1467463163,0.999614419
3,4,5,10,1,1,1,0,SIMULATED,0.75,0.1467463163,0.999614419,0.75,0.1467463163,0.999614419,0.75,0.1467463163,0.999614419
3,4,10,20,10,8,8,0,SIMULATED,0.7727272727,0.4972255036,0.9559405864,0.7727272727,0.4972255036,0.9559405864,0.9444444444,0.7377827513,0.9999405097
3,4,20,50,61,43,42,0,SIMULATED,0.7016129032,0.5829875294,0.8079212425,0.685483871,0.5656638801,0.7939702538,0.9659090909,0.89641931,0.9974791861
3,4,50,100,217,152,135,1,SIMULATED,0.6995412844,0.637165852,0.7584489075,0.621559633,0.5563380576,0.6846682759,0.885620915,0.8308271476,0.9308898698
3,4,100,200,601,379,331,14,SIMULATED,0.6303986711,0.5914765901,0.668500055,0.5506644518,0.5108166331,0.5901933914,0.8723684211,0.8370651647,0.9039621483
3,4,200,300,990,559,454,4,SIMULATED,0.5645812311,0.533610699,0.5953048547,0.4586276488,0.4277056489,0.489707825,0.8116071429,0.7782210722,0.8428855509
3,4,300,400,1294,638,497,4,SIMULATED,0.4930501931,0.4658456981,0.5202750211,0.3841698842,0.3578628368,0.4108158115,0.7785602504,0.7455845194,0.8098845944
3,4,400,500,1562,477,327,12,SIMULATED,0.3055022393,0.2829137197,0.328562211,0.2095329495,0.189720366,0.2300495664,0.6851464435,0.6428423351,0.7259830541
4,6,0.5,2,0,0,0,0,SIMULATED,,,,,,,,,
4,6,2,5,0,0,0,0,SIMULATED,,,,,,,,,
4,6,5,10,1,1,1,0,SIMULATED,0.75,0.1467463163,0.999614419,0.75,0.1467463163,0.999614419,0.75,0.1467463163,0.999614419
4,6,10,20,8,7,6,0,SIMULATED,0.8333333333,0.546280679,0.9861617662,0.7222222222,0.4083764894,0.9440331103,0.8125,0.4992025384,0.9841234758
4,6,20,50,32,27,25,0,SIMULATED,0.8333333333,0.6908900965,0.9377753533,0.7727272727,0.6178040479,0.8964390952,0.9107142857,0.7829795784,0.9842865365
4,6,50,100,110,83,75,0,SIMULATED,0.7522522523,0.6682371598,0.8276614922,0.6801801802,0.5909339796,0.7632761652,0.8988095238,0.8263696255,0.9533671868
4,6,100,200,338,246,226,3,SIMULATED,0.7271386431,0.6785651834,0.7731737815,0.6681415929,0.6171880589,0.7172158962,0.9170040486,0.8796182629,0.9480096653
4,6,200,300,489,329,278,12,SIMULATED,0.6724489796,0.6302919109,0.7132726482,0.5683673469,0.5243119225,0.611894109,0.8439393939,0.8029320758,0.8810005306
4,6,300,400,526,287,231,5,SIMULATED,0.545540797,0.5029233738,0.5878307926,0.4392789374,0.3971820316,0.4818124117,0.8038194444,0.7561047464,0.8475390246
4,6,400,500,656,241,160,16,SIMULATED,0.3675799087,0.3311355373,0.4047879262,0.2442922374,0.2122164984,0.2778424225,0.6632231405,0.602585886,0.7213048527
6,10,0.5,2,0,0,0,0,SIMULATED,,,,,,,,,
6,10,2,5,1,0,0,0,SIMULATED,0.25,0.0003855809808,0.8532536837,0.25,0.0003855809808,0.8532536837,,,
6,10,5,10,0,0,0,0,SIMULATED,,,,,,,,,
6,10,10,20,0,0,0,0,SIMULATED,,,,,,,,,
6,10,20,50,4,2,2,0,SIMULATED,0.5,0.1227538828,0.8772461172,0.5,0.1227538828,0.8772461172,0.8333333333,0.3331782456,0.9997830915
6,10,50,100,8,4,4,0,SIMULATED,0.5,0.1989656113,0.8010343887,0.5,0.1989656113,0.8010343887,0.9,0.5552373823,0.9998846672
6,10,100,200,36,23,22,2,SIMULATED,0.6351351351,0.4761870865,0.78024213,0.6081081081,0.4483601866,0.7567803682,0.9375,0.8142248303,0.9952679801
6,10,200,300,50,31,23,0,SIMULATED,0.6176470588,0.4818114785,0.7447389689,0.4607843137,0.3273505375,0.5971335688,0.734375,0.5713266992,0.8697262262
6,10,300,400,69,36,26,2,SIMULATED,0.5214285714,0.4050141575,0.6366824451,0.3785714286,0.2694225191,0.4942950058,0.7162162162,0.5629736052,0.8473419725
6,10,400,500,77,19,15,1,SIMULATED,0.25,0.1609863534,0.3511483827,0.1987179487,0.1184932788,0.2935529685,0.775,0.5737941323,0.9244681471
10,16,0.5,2,0,0,0,0,SIMULATED,,,,,,,,,
10,16,2,5,0,0,0,0,SIMULATED,,,,,,,,,
10,16,5,10,0,0,0,0,SIMULATED,,,,,,,,,
10,16,10,20,0,0,0,0,SIMULATED,,,,,,,,,
10,16,20,50,0,0,0,0,SIMULATED,,,,,,,,,
10,16,50,100,1,0,0,0,SIMULATED,0.25,0.0003855809808,0.8532536837,0.25,0.0003855809808,0.8532536837,,,
10,16,100,200,3,1,1,0,SIMULATED,0.375,0.03874761779,0.8232639029,0.375,0.03874761779,0.8232639029,0.75,0.1467463163,0.999614419
10,16,200,300,3,0,0,0,SIMULATED,0.125,0.0001506360254,0.535583243,0.125,0.0001506360254,0.535583243,,,
10,16,300,400,6,2,1,0,SIMULATED,0.3571428571,0.07677014003,0.7135769907,0.2142857143,0.01862012712,0.5580567736,0.5,0.06083027592,0.9391697241
10,16,400,500,10,0,0,0,SIMULATED,0.04545454545,4.789043316e-05,0.2171962675,0.04545454545,4.789043316e-05,0.2171962675,,,
