period_days,planet_radius_earth,target_stars,mean_transit_geometry,mean_phase_window,mean_pipeline_including_window,mean_vetting_given_recovered,mean_pipeline_and_vetting,mean_total_selection,effective_stars,fraction_impact_target_evaluations_below_mes_training,fraction_impact_target_evaluations_above_mes_training,label
50,0.5,114105,0.016575148365,0.980213829473,0.00101181826591,0.0597332232133,0.000842637014042,1.28756861577e-05,1.46918016902,6.25486776731e-05,0,MODEL-INFERRED
56.1009227151,0.5,114105,0.0153505553224,0.977072046797,0.000894431708939,0.0585727597399,0.000748241417449,1.05357173258e-05,1.20217802547,6.87987815718e-05,0,MODEL-INFERRED
62.9462705897,0.5,114105,0.0142164367712,0.971480327749,0.000781368589171,0.0566998318585,0.000655640500501,8.50464321353e-06,0.97042231388,6.87987815718e-05,0,MODEL-INFERRED
70.6268772311,0.5,114105,0.0131661083411,0.964097511939,0.000674286482621,0.0541357531801,0.000566687906602,6.77003437634e-06,0.772494772512,7.2972491929e-05,0,MODEL-INFERRED
79.2446596231,0.5,114105,0.0121933795112,0.955269097857,0.000574462778294,0.0509696188334,0.000482891817484,5.31223778092e-06,0.606152891992,7.92435191018e-05,0,MODEL-INFERRED
88.9139705019,0.5,114105,0.0112925171245,0.946455578881,0.000483271334672,0.0473695356195,0.000405774687579,4.1101509861e-06,0.468988778268,8.58891368623e-05,0,MODEL-INFERRED
99.7631157484,0.5,114105,0.0104582115968,0.941663514956,0.000401783488126,0.0434453025859,0.000336474337521,3.1380044367e-06,0.35806199625,9.40103118035e-05,0,MODEL-INFERRED
111.936056928,0.5,114105,0.00968554562249,0.937980127602,0.000330189960936,0.0393261480311,0.000275344184798,2.36410319379e-06,0.269755994928,9.6086705345e-05,0,MODEL-INFERRED
125.594321575,0.5,114105,0.00896996519314,0.935844124974,0.000267917563108,0.0347576667419,0.000221562563561,1.75102208979e-06,0.199800375556,0.000105888759966,0,MODEL-INFERRED
140.919146563,0.5,114105,0.00830725275603,0.933272582355,0.000214275790556,0.0303750854526,0.00017535223287,1.27548584687e-06,0.145539312558,0.000118430814312,0,MODEL-INFERRED
158.113883008,0.5,114105,0.00769350235666,0.93004485155,0.000168508740369,0.0262060896732,0.00013602449718,9.10562555228e-07,0.103899740364,0.000128628382794,0,MODEL-INFERRED
177.406694617,0.5,114105,0.0071250966174,0.926004353283,0.000130003901579,0.0223046399809,0.000103110237203,6.35095361091e-07,0.0724675561773,0.000144680541314,0,MODEL-INFERRED
199.053585277,0.5,114105,0.0065986854171,0.919767369993,9.81612156415e-05,0.0187189046041,7.61196931569e-05,4.31359972336e-07,0.0492203296434,0.000150951568487,0,MODEL-INFERRED
223.341796075,0.5,114105,0.00611116614581,0.909806396412,7.22845941266e-05,0.0154886225788,5.44586855407e-05,2.83901528805e-07,0.0323945839443,0.000172215634135,0,MODEL-INFERRED
250.593616814,0.5,114105,0.00565966541834,0.895237874828,5.17802415207e-05,0.0126408605219,3.7606468463e-05,1.80282867139e-07,0.0205711765549,0.000178465738033,0,MODEL-INFERRED
281.170662595,0.5,114105,0.00524152213887,0.872007338015,3.60344198784e-05,0.0101687521464,2.49849276929e-05,1.10079222647e-07,0.0125605897001,0.000204468295988,0,MODEL-INFERRED
315.47867224,0.5,114105,0.00485427181671,0.831351860655,2.43588450306e-05,0.00805019798037,1.59282343374e-05,6.44448232838e-08,0.00735347656079,0.000215930307015,0,MODEL-INFERRED
353.972892192,0.5,114105,0.00449563204088,0.781185292645,1.59940051113e-05,0.00628873130148,9.72873632289e-06,3.61193359536e-08,0.00412139682898,0.000234475296212,0,MODEL-INFERRED
397.164117362,0.5,114105,0.00416348902784,0.689755418902,1.02163041427e-05,0.00483137957434,5.68167445466e-06,1.93425332972e-08,0.00220707976188,0.00025845843831,0,MODEL-INFERRED
445.625469067,0.5,114105,0.00385588516304,0.586629428192,6.37318307449e-06,0.00365984255389,3.18179389768e-06,9.92623821628e-09,0.00113263341167,0.000275527870327,0,MODEL-INFERRED
500,0.5,114105,0.003571007463,0.467805678071,3.89043187958e-06,0.00273055054185,1.70719707061e-06,4.87894221997e-09,0.00055671170201,0.000302773947552,0,MODEL-INFERRED
50,0.545253866333,114105,0.016575148365,0.980213829473,0.00193929537954,0.0828994631286,0.0016291612859,2.52919216242e-05,2.88593471693,5.17084262814e-05,0,MODEL-INFERRED
56.1009227151,0.545253866333,114105,0.0153505553224,0.977072046797,0.00172139452999,0.0813942483676,0.00145193553815,2.07760169741e-05,2.37064741683,5.42012569588e-05,0,MODEL-INFERRED
62.9462705897,0.545253866333,114105,0.0142164367712,0.971480327749,0.00151014689538,0.0789420283124,0.00127711204455,1.683826208e-05,1.92132989463,5.8374967316e-05,0,MODEL-INFERRED
70.6268772311,0.545253866333,114105,0.0131661083411,0.964097511939,0.00130841724806,0.0755644135078,0.00110790268108,1.34554182478e-05,1.53533049917,6.04722841316e-05,0,MODEL-INFERRED
79.2446596231,0.545253866333,114105,0.0121933795112,0.955269097857,0.00111872876021,0.0713709853153,0.000947193037231,1.05946181286e-05,1.20889890157,6.25486776731e-05,0,MODEL-INFERRED
88.9139705019,0.545253866333,114105,0.0112925171245,0.946455578881,0.000944528708852,0.0665764722747,0.000798639186437,8.22663644717e-06,0.938700351805,6.56841912595e-05,0,MODEL-INFERRED
99.7631157484,0.545253866333,114105,0.0104582115968,0.941663514956,0.000788614054975,0.0613165537581,0.000665125967544,6.3094078066e-06,0.719934977773,6.98579016167e-05,0,MODEL-INFERRED
111.936056928,0.545253866333,114105,0.00968554562249,0.937980127602,0.000651700073608,0.0557579574399,0.000547615341796,4.7835911556e-06,0.54583166881,7.08960983875e-05,0,MODEL-INFERRED
125.594321575,0.545253866333,114105,0.00896996519314,0.935844124974,0.000533092302979,0.0495496329708,0.000444789954528,3.57751770834e-06,0.40821265811,7.54653226064e-05,0,MODEL-INFERRED
140.919146563,0.545253866333,114105,0.00830725275603,0.933272582355,0.000431540958965,0.0435435556868,0.000357032906969,2.64410539157e-06,0.301705645705,7.96390329636e-05,0,MODEL-INFERRED
158.113883008,0.545253866333,114105,0.00769350235666,0.93004485155,0.000345422717061,0.0377810811679,0.000282797971554,1.92809946807e-06,0.220005789804,9.15174811261e-05,0,MODEL-INFERRED
177.406694617,0.545253866333,114105,0.0071250966174,0.926004353283,0.000272797275067,0.0323416795424,0.000220405015631,1.38298168488e-06,0.157805125153,0.000100281338976,0,MODEL-INFERRED
199.053585277,0.545253866333,114105,0.0065986854171,0.919767369993,0.000212109236113,0.0272988356957,0.000168539237992,9.73022090881e-07,0.11102668568,0.000103812366425,0,MODEL-INFERRED
223.341796075,0.545253866333,114105,0.00611116614581,0.909806396412,0.00016188683362,0.0227165288347,0.000125943316818,6.68848802462e-07,0.0763189926049,0.00011467354109,0,MODEL-INFERRED
250.593616814,0.545253866333,114105,0.00565966541834,0.895237874828,0.000120923452685,0.0186425958668,9.15941033011e-05,4.47341749923e-07,0.051043930375,0.000131784819655,0,MODEL-INFERRED
281.170662595,0.545253866333,114105,0.00524152213887,0.872007338015,8.81412076045e-05,0.015077075525,6.45360500925e-05,2.89770702536e-07,0.0330642860128,0.000143020584908,0,MODEL-INFERRED
315.47867224,0.545253866333,114105,0.00485427181671,0.831351860655,6.25296069707e-05,0.0119974940431,4.3839345037e-05,1.80866016759e-07,0.0206377168423,0.000163910059968,0,MODEL-INFERRED
353.972892192,0.545253866333,114105,0.00449563204088,0.781185292645,4.30523130546e-05,0.0094177654772,2.85859284435e-05,1.08279393228e-07,0.0123552201643,0.000175145825222,0,MODEL-INFERRED
397.164117362,0.545253866333,114105,0.00416348902784,0.689755418902,2.8742280704e-05,0.00726842300543,1.78166965433e-05,6.18915574051e-08,0.00706213615771,0.000186607836249,0,MODEL-INFERRED
445.625469067,0.545253866333,114105,0.00385588516304,0.586629428192,1.86537025252e-05,0.00552918350741,1.06306293334e-05,3.38177540326e-08,0.00385877482389,0.000203451022492,0,MODEL-INFERRED
500,0.545253866333,114105,0.003571007463,0.467805678071,1.17887311452e-05,0.00414115748936,6.06672491606e-06,1.7651281915e-08,0.00201409952291,0.000222617771324,0,MODEL-INFERRED
50,0.594603557501,114105,0.016575148365,0.980213829473,0.00362937483709,0.113014806076,0.0030759947813,4.8361554056e-05,5.51829512556,4.4003688476e-05,0,MODEL-INFERRED
56.1009227151,0.594603557501,114105,0.0153505553224,0.977072046797,0.00324230734835,0.111113846213,0.00275827091072,3.99897906729e-05,4.56303506473,4.64965191534e-05,0,MODEL-INFERRED
62.9462705897,0.594603557501,114105,0.0142164367712,0.971480327749,0.00286329324811,0.107987584096,0.00244173639621,3.2635524848e-05,3.72387656278,4.64965191534e-05,0,MODEL-INFERRED
70.6268772311,0.594603557501,114105,0.0131661083411,0.964097511939,0.00249697660501,0.103654390657,0.00213156554918,2.62581925478e-05,2.99619106066,4.75347159242e-05,0,MODEL-INFERRED
79.2446596231,0.594603557501,114105,0.0121933795112,0.955269097857,0.00214815436263,0.0982429975961,0.00183310881189,2.08095495349e-05,2.37447364968,5.06702295106e-05,0,MODEL-INFERRED
88.9139705019,0.594603557501,114105,0.0112925171245,0.946455578881,0.00182427938488,0.0920185708523,0.00155419467106,1.62573169748e-05,1.85504115341,5.42012569588e-05,0,MODEL-INFERRED
99.7631157484,0.594603557501,114105,0.0104582115968,0.941663514956,0.00153112462206,0.0851411681809,0.00130078298825,1.25364120704e-05,1.43046729929,5.73367705452e-05,0,MODEL-INFERRED
111.936056928,0.594603557501,114105,0.00968554562249,0.937980127602,0.00127090030571,0.0778183564591,0.00107544287477,9.54832162285e-06,1.08951123878,6.25486776731e-05,0,MODEL-INFERRED
125.594321575,0.594603557501,114105,0.00896996519314,0.935844124974,0.00104381084096,0.0695760638771,0.000877005343027,7.17196289638e-06,0.818356826292,6.25486776731e-05,0,MODEL-INFERRED
140.919146563,0.594603557501,114105,0.00830725275603,0.933272582355,0.000848889370345,0.0615261444345,0.000707429743675,5.32814147893e-06,0.607967583453,6.67433113044e-05,0,MODEL-INFERRED
158.113883008,0.594603557501,114105,0.00769350235666,0.93004485155,0.00068386954244,0.0537276063773,0.000564470424768,3.91499910274e-06,0.446720972618,6.8819704846e-05,0,MODEL-INFERRED
177.406694617,0.594603557501,114105,0.0071250966174,0.926004353283,0.000545453614827,0.0462938000022,0.000445120933328,2.84220757566e-06,0.324310095421,7.08960983875e-05,0,MODEL-INFERRED
199.053585277,0.594603557501,114105,0.0065986854171,0.919767369993,0.000430402514745,0.0393332827509,0.000346475338844,2.03629355715e-06,0.232351276339,7.44271258357e-05,0,MODEL-INFERRED
223.341796075,0.594603557501,114105,0.00611116614581,0.909806396412,0.000335443191045,0.0329455557045,0.000265586776286,1.43632155089e-06,0.163891470565,8.31909836859e-05,0,MODEL-INFERRED
250.593616814,0.594603557501,114105,0.00565966541834,0.895237874828,0.000257641978199,0.0272110194819,0.000199864005396,9.94307239756e-07,0.113455427592,9.36357212159e-05,0,MODEL-INFERRED
281.170662595,0.594603557501,114105,0.00524152213887,0.872007338015,0.000194433427732,0.0221443972755,0.000147024323253,6.72630493681e-07,0.0767505024815,9.57121147574e-05,0,MODEL-INFERRED
315.47867224,0.594603557501,114105,0.00485427181671,0.831351860655,0.000143694887334,0.0177281357111,0.000105168093578,4.42302275352e-07,0.050468901129,0.000105267000331,0,MODEL-INFERRED
353.972892192,0.594603557501,114105,0.00449563204088,0.781185292645,0.000103553566266,0.0139959623349,7.2734683852e-05,2.81107617568e-07,0.0320757847026,0.000117829977951,0,MODEL-INFERRED
397.164117362,0.594603557501,114105,0.00416348902784,0.689755418902,7.24836876584e-05,0.0108605332207,4.82833628312e-05,1.7138586382e-07,0.0195559839912,0.000132617693927,0,MODEL-INFERRED
445.625469067,0.594603557501,114105,0.00385588516304,0.586629428192,4.92301717806e-05,0.00830340439999,3.06937548076e-05,9.9941824196e-08,0.0114038618499,0.000156621759299,0,MODEL-INFERRED
500,0.594603557501,114105,0.003571007463,0.467805678071,3.24427349786e-05,0.00624782059492,1.86390448441e-05,5.55736984703e-08,0.00634123686396,0.00017306943168,0,MODEL-INFERRED
50,0.648419777326,114105,0.016575148365,0.980213829473,0.0066100464965,0.151061527349,0.00564750031182,8.96645705382e-05,10.2311758213,3.66944645324e-05,0,MODEL-INFERRED
56.1009227151,0.648419777326,114105,0.0153505553224,0.977072046797,0.00594683999706,0.148731373104,0.00509956324449,7.46854659063e-05,8.52198508723,3.87917813481e-05,0,MODEL-INFERRED
62.9462705897,0.648419777326,114105,0.0142164367712,0.971480327749,0.00529028887685,0.144862913148,0.00454748023873,6.14241140539e-05,7.00879853413,3.87917813481e-05,0,MODEL-INFERRED
70.6268772311,0.648419777326,114105,0.0131661083411,0.964097511939,0.00464911564488,0.13946597976,0.00400058952582,4.98321571178e-05,5.68609828792,3.87917813481e-05,0,MODEL-INFERRED
79.2446596231,0.648419777326,114105,0.0121933795112,0.955269097857,0.00403267741759,0.132683815421,0.00346894849713,3.98464777477e-05,4.5466823434,4.19063716604e-05,0,MODEL-INFERRED
88.9139705019,0.648419777326,114105,0.0112925171245,0.946455578881,0.00345409114515,0.124831501162,0.00296646971552,3.14218765746e-05,3.58539322655,4.19063716604e-05,0,MODEL-INFERRED
99.7631157484,0.648419777326,114105,0.0104582115968,0.941663514956,0.00292297222601,0.116087210043,0.00250321839036,2.44490833905e-05,2.78976266028,4.43992023378e-05,0,MODEL-INFERRED
111.936056928,0.648419777326,114105,0.00968554562249,0.937980127602,0.00244428295838,0.106698759447,0.00208475389448,1.87730558769e-05,2.14209954083,4.43992023378e-05,0,MODEL-INFERRED
125.594321575,0.648419777326,114105,0.00896996519314,0.935844124974,0.00202074487957,0.096041801935,0.00171106215206,1.42024913093e-05,1.62057527084,4.75347159242e-05,0,MODEL-INFERRED
140.919146563,0.648419777326,114105,0.00830725275603,0.933272582355,0.00165295190053,0.0855223319208,0.00138803683924,1.06172810331e-05,1.21148485228,5.42012569588e-05,0,MODEL-INFERRED
158.113883008,0.648419777326,114105,0.00769350235666,0.93004485155,0.00133838537609,0.0752200449118,0.00111305328458,7.84364420877e-06,0.894999022441,5.94131640867e-05,0,MODEL-INFERRED
177.406694617,0.648419777326,114105,0.0071250966174,0.926004353283,0.00107270851951,0.0652905519015,0.00088210329251,5.72472706193e-06,0.653219981402,6.15104809024e-05,0,MODEL-INFERRED
199.053585277,0.648419777326,114105,0.0065986854171,0.919767369993,0.000851072227413,0.0558881938714,0.000690768982843,4.12737026014e-06,0.470953583534,6.25486776731e-05,0,MODEL-INFERRED
223.341796075,0.648419777326,114105,0.00611116614581,0.909806396412,0.000668473222088,0.0471619040264,0.000534418285675,2.93916112851e-06,0.335372980569,6.77815080752e-05,0,MODEL-INFERRED
250.593616814,0.648419777326,114105,0.00565966541834,0.895237874828,0.000519785847928,0.0392404440143,0.000408323447325,2.06654524809e-06,0.235803145533,6.77815080752e-05,0,MODEL-INFERRED
281.170662595,0.648419777326,114105,0.00524152213887,0.872007338015,0.000399607440972,0.0321650548588,0.000307437805727,1.43150685461e-06,0.163342089645,7.23507322941e-05,0,MODEL-INFERRED
315.47867224,0.648419777326,114105,0.00485427181671,0.831351860655,0.000303069714364,0.0259323429354,0.000227244200631,9.73191449435e-07,0.111046010338,8.00763933736e-05,0,MODEL-INFERRED
353.972892192,0.648419777326,114105,0.00449563204088,0.781185292645,0.00022594647441,0.0206106990202,0.000164135653632,6.4633122272e-07,0.0737496241684,8.73856173172e-05,0,MODEL-INFERRED
397.164117362,0.648419777326,114105,0.00416348902784,0.689755418902,0.000164855559184,0.0160961322466,0.000114975735436,4.16169750768e-07,0.0474870494114,9.05211309036e-05,0,MODEL-INFERRED
445.625469067,0.648419777326,114105,0.00385588516304,0.586629428192,0.000117232748152,0.0123799502145,7.76528112239e-05,2.58231909133e-07,0.0294655519916,9.92640654797e-05,0,MODEL-INFERRED
500,0.648419777326,114105,0.003571007463,0.467805678071,8.09301425815e-05,0.00936681323939,5.02100116867e-05,1.532690347e-07,0.0174887632045,0.000106968803285,0,MODEL-INFERRED
50,0.707106781187,114105,0.016575148365,0.980213829473,0.011757918905,0.197634588054,0.0101207726683,0.000161892469468,18.4727402286,3.46180709909e-05,1.92085953802e-05,MODEL-INFERRED
56.1009227151,0.707106781187,114105,0.0153505553224,0.977072046797,0.0106485743882,0.19487068488,0.0091993444689,0.000135778692304,15.4930276854,3.56562677617e-05,8.34742071436e-06,MODEL-INFERRED
62.9462705897,0.707106781187,114105,0.0142164367712,0.971480327749,0.00953749883593,0.19023858523,0.00825933994602,0.000112469153167,12.8332927222,3.56562677617e-05,1.03819677076e-06,MODEL-INFERRED
70.6268772311,0.707106781187,114105,0.0131661083411,0.964097511939,0.00844158006663,0.183732926816,0.00731835238921,9.19400102467e-05,10.4908148692,3.56562677617e-05,0,MODEL-INFERRED
79.2446596231,0.707106781187,114105,0.0121933795112,0.955269097857,0.00738034358666,0.175502956353,0.00639677983782,7.41451401366e-05,8.46033121529,3.56562677617e-05,0,MODEL-INFERRED
88.9139705019,0.707106781187,114105,0.0112925171245,0.946455578881,0.00637617848219,0.165907092187,0.00551852929282,5.90209381915e-05,6.73458415235,3.56562677617e-05,0,MODEL-INFERRED
99.7631157484,0.707106781187,114105,0.0104582115968,0.941663514956,0.00544508755399,0.155129298208,0.00470031799674,4.63857483018e-05,5.29284580997,3.87917813481e-05,0,MODEL-INFERRED
111.936056928,0.707106781187,114105,0.00968554562249,0.937980127602,0.00459624885805,0.143451537476,0.00395221129075,3.59881013533e-05,4.10642230492,3.98299781189e-05,0,MODEL-INFERRED
125.594321575,0.707106781187,114105,0.00896996519314,0.935844124974,0.00383565488748,0.130074819599,0.00327510749036,2.75133232183e-05,3.13940774582,3.98299781189e-05,0,MODEL-INFERRED
140.919146563,0.707106781187,114105,0.00830725275603,0.933272582355,0.00316561270967,0.116714451447,0.0026809447048,2.0773382821e-05,2.37034684679,4.19063716604e-05,0,MODEL-INFERRED
158.113883008,0.707106781187,114105,0.00769350235666,0.93004485155,0.00258391657629,0.103471059104,0.0021672842124,1.54843025587e-05,1.76683634346,4.43992023378e-05,0,MODEL-INFERRED
177.406694617,0.707106781187,114105,0.0071250966174,0.926004353283,0.00208585421193,0.0905487357024,0.00172984042939,1.13905400624e-05,1.29971757382,4.43992023378e-05,0,MODEL-INFERRED
199.053585277,0.707106781187,114105,0.0065986854171,0.919767369993,0.00166528028393,0.0781570829034,0.00136302673882,8.26823506288e-06,0.94344696185,4.89684265567e-05,0,MODEL-INFERRED
223.341796075,0.707106781187,114105,0.00611116614581,0.909806396412,0.00131533195384,0.0665095621141,0.00106043519754,5.9237608634e-06,0.675930733318,5.21039401431e-05,0,MODEL-INFERRED
250.593616814,0.707106781187,114105,0.00565966541834,0.895237874828,0.00102840075613,0.0558023922993,0.000814999755391,4.19103904366e-06,0.478218510077,5.73158472711e-05,0,MODEL-INFERRED
281.170662595,0.707106781187,114105,0.00524152213887,0.872007338015,0.000796029727592,0.0461194800098,0.000618593428166,2.92748660525e-06,0.334040859092,6.04513608575e-05,0,MODEL-INFERRED
315.47867224,0.707106781187,114105,0.00485427181671,0.831351860655,0.000609977003435,0.0374857821196,0.000463245236301,2.01706350645e-06,0.230157031404,6.46459944888e-05,0,MODEL-INFERRED
353.972892192,0.707106781187,114105,0.00449563204088,0.781185292645,0.000462239966423,0.0300260900448,0.000341793830116,1.36904513928e-06,0.156214895617,6.67433113044e-05,0,MODEL-INFERRED
397.164117362,0.707106781187,114105,0.00416348902784,0.689755418902,0.000345676549431,0.0236255277015,0.000247341810145,9.11199928866e-07,0.103972467883,7.02743387526e-05,0,MODEL-INFERRED
445.625469067,0.707106781187,114105,0.00385588516304,0.586629428192,0.000254257333736,0.0182992909571,0.000174719140196,5.91831951614e-07,0.0675309848389,7.276716943e-05,0,MODEL-INFERRED
500,0.707106781187,114105,0.003571007463,0.467805678071,0.000183066034325,0.0139365267675,0.000119520184886,3.7210561969e-07,0.0424591117347,8.42710270049e-05,0,MODEL-INFERRED
50,0.771105412704,114105,0.016575148365,0.980213829473,0.0204880938414,0.252719217042,0.0177685238111,0.000285852123183,32.6171565158,2.9406163863e-05,4.77667538352e-05,MODEL-INFERRED
56.1009227151,0.771105412704,114105,0.0153505553224,0.977072046797,0.0186659850358,0.249555285479,0.0162458788954,0.00024121739042,27.5241103339,2.9406163863e-05,4.21384095713e-05,MODEL-INFERRED
62.9462705897,0.771105412704,114105,0.0142164367712,0.971480327749,0.0168228842742,0.24420299578,0.0146760618467,0.000201104507637,22.9470298439,2.9406163863e-05,3.50554314009e-05,MODEL-INFERRED
70.6268772311,0.771105412704,114105,0.0131661083411,0.964097511939,0.0149894335233,0.236634487786,0.0130905897062,0.000165549511034,18.8900269565,2.9406163863e-05,2.17014260576e-05,MODEL-INFERRED
79.2446596231,0.771105412704,114105,0.0121933795112,0.955269097857,0.013201299562,0.226993068048,0.0115265497115,0.000134544982849,15.352255268,3.25207541753e-05,8.34742071436e-06,MODEL-INFERRED
88.9139705019,0.771105412704,114105,0.0112925171245,0.946455578881,0.0114945442549,0.215666888907,0.010022876876,0.00010799702013,12.322999982,3.25207541753e-05,4.17371035718e-06,MODEL-INFERRED
99.7631157484,0.771105412704,114105,0.0104582115968,0.941663514956,0.00989700024032,0.202827003539,0.00860849155696,8.5632359886e-05,9.77108042479,3.56562677617e-05,0,MODEL-INFERRED
111.936056928,0.771105412704,114105,0.00968554562249,0.937980127602,0.00842766572544,0.188776928645,0.00730355762658,6.70743998859e-05,7.65352439898,3.56562677617e-05,0,MODEL-INFERRED
125.594321575,0.771105412704,114105,0.00896996519314,0.935844124974,0.00709963020544,0.172526775869,0.00611175484039,5.18174343522e-05,5.91262834676,3.56562677617e-05,0,MODEL-INFERRED
140.919146563,0.771105412704,114105,0.00830725275603,0.933272582355,0.00591790435661,0.156086627029,0.00505485894396,3.95596345593e-05,4.51395210139,3.56562677617e-05,0,MODEL-INFERRED
158.113883008,0.771105412704,114105,0.00769350235666,0.93004485155,0.00487968252295,0.139573187166,0.00412952900635,2.98244166685e-05,3.40311506396,3.66944645324e-05,0,MODEL-INFERRED
177.406694617,0.771105412704,114105,0.0071250966174,0.926004353283,0.00397844429963,0.123240074529,0.00332994097655,2.21859690988e-05,2.53153000402,3.98299781189e-05,0,MODEL-INFERRED
199.053585277,0.771105412704,114105,0.0065986854171,0.919767369993,0.00320603001177,0.107356898074,0.00264889779609,1.62739136156e-05,1.85693491311,3.98299781189e-05,0,MODEL-INFERRED
223.341796075,0.771105412704,114105,0.00611116614581,0.909806396412,0.00255410964465,0.0922147169273,0.00207876213013,1.1771243963e-05,1.3431577924,3.98299781189e-05,0,MODEL-INFERRED
250.593616814,0.771105412704,114105,0.00565966541834,0.895237874828,0.00201204640247,0.0780971551925,0.00160971793013,8.39759509542e-06,0.958207588363,4.08681748896e-05,0,MODEL-INFERRED
281.170662595,0.771105412704,114105,0.00524152213887,0.872007338015,0.00156766664494,0.0651500151362,0.00122985795504,5.90821763288e-06,0.674157172999,4.68920330152e-05,0,MODEL-INFERRED
315.47867224,0.771105412704,114105,0.00485427181671,0.831351860655,0.00120847045835,0.0534456256594,0.000926801142334,4.09834856714e-06,0.467642063254,5.00066233275e-05,0,MODEL-INFERRED
353.972892192,0.771105412704,114105,0.00449563204088,0.781185292645,0.00092189768034,0.0431944432243,0.000689149723907,2.80427049815e-06,0.319981285192,5.31421369139e-05,0,MODEL-INFERRED
397.164117362,0.771105412704,114105,0.00416348902784,0.689755418902,0.000696032587499,0.0342830295838,0.000504915384119,1.89014556738e-06,0.215675059966,5.8374967316e-05,0,MODEL-INFERRED
445.625469067,0.771105412704,114105,0.00385588516304,0.586629428192,0.000519720197764,0.0267731765815,0.000364070186805,1.25360090357e-06,0.143042131102,6.15104809024e-05,0,MODEL-INFERRED
500,0.771105412704,114105,0.003571007463,0.467805678071,0.000383089319496,0.0205480858849,0.000257316571506,8.14842851255e-07,0.0929776435424,6.25486776731e-05,0,MODEL-INFERRED
50,0.840896415254,114105,0.016575148365,0.980213829473,0.0349422438798,0.315514339829,0.0305532627888,0.000493961390806,56.363464498,2.31351366901e-05,0.000118124785684,MODEL-INFERRED
56.1009227151,0.840896415254,114105,0.0153505553224,0.977072046797,0.0320135563299,0.312026732283,0.0280858956273,0.000419160365547,47.8282935107,2.31351366901e-05,9.70660425356e-05,MODEL-INFERRED
62.9462705897,0.840896415254,114105,0.0142164367712,0.971480327749,0.0290253016644,0.306073162633,0.0255194509779,0.000351563587128,40.1151631092,2.83679670922e-05,7.11490595726e-05,MODEL-INFERRED
70.6268772311,0.840896415254,114105,0.0131661083411,0.964097511939,0.0260298006823,0.29759663921,0.0229074536309,0.000291319544297,33.241016602,2.9406163863e-05,5.3395098099e-05,MODEL-INFERRED
79.2446596231,0.840896415254,114105,0.0121933795112,0.955269097857,0.0230867973272,0.286720738063,0.0203120566618,0.000238481473368,27.2119285187,2.9406163863e-05,4.77667538352e-05,MODEL-INFERRED
88.9139705019,0.840896415254,114105,0.0112925171245,0.946455578881,0.0202536728319,0.273842940366,0.0177955349549,0.000192919536425,22.0130837038,2.9406163863e-05,3.75482620783e-05,MODEL-INFERRED
99.7631157484,0.840896415254,114105,0.0104582115968,0.941663514956,0.0175774487499,0.259097734137,0.0154065087113,0.000154236168278,17.5991179814,2.9406163863e-05,2.62915735507e-05,MODEL-INFERRED
111.936056928,0.840896415254,114105,0.00968554562249,0.937980127602,0.01509376621,0.242791515743,0.0131822979162,0.000121879858836,13.9071012925,2.9406163863e-05,1.18993714366e-05,MODEL-INFERRED
125.594321575,0.840896415254,114105,0.00896996519314,0.935844124974,0.0128278935975,0.223741048873,0.0111315713925,9.50524815692e-05,10.8459634095,3.04443606337e-05,4.17371035718e-06,MODEL-INFERRED
140.919146563,0.840896415254,114105,0.00830725275603,0.933272582355,0.0107919350407,0.204199000521,0.00929486113732,7.32993245188e-05,8.36381942422,3.14825574045e-05,1.03819677076e-06,MODEL-INFERRED
158.113883008,0.840896415254,114105,0.00769350235666,0.93004485155,0.00898570775062,0.184286208804,0.00767060567639,5.5857018098e-05,6.37356505007,3.14825574045e-05,0,MODEL-INFERRED
177.406694617,0.840896415254,114105,0.0071250966174,0.926004353283,0.00740221946762,0.164298393681,0.0062524888048,4.20328902603e-05,4.79616294315,3.46180709909e-05,0,MODEL-INFERRED
199.053585277,0.840896415254,114105,0.0065986854171,0.919767369993,0.0060299594284,0.144560893061,0.00503029309163,3.12096069688e-05,3.56117220317,3.56562677617e-05,0,MODEL-INFERRED
223.341796075,0.840896415254,114105,0.00611116614581,0.909806396412,0.00485665314644,0.125448719934,0.00399291267791,2.28555278239e-05,2.60793000235,3.56562677617e-05,0,MODEL-INFERRED
250.593616814,0.840896415254,114105,0.00565966541834,0.895237874828,0.00386604780201,0.107349017725,0.00312552030535,1.64988611924e-05,1.88260255636,3.66944645324e-05,0,MODEL-INFERRED
281.170662595,0.840896415254,114105,0.00524152213887,0.872007338015,0.00304101633763,0.0904881865153,0.00241130418175,1.17332623494e-05,1.33882390038,3.87917813481e-05,0,MODEL-INFERRED
315.47867224,0.840896415254,114105,0.00485427181671,0.831351860655,0.00236420701094,0.0750077688352,0.00183276048447,8.21657057354e-06,0.937551785293,3.98299781189e-05,0,MODEL-INFERRED
353.972892192,0.840896415254,114105,0.00449563204088,0.781185292645,0.00181733453814,0.0612389759748,0.00137332491579,5.66970974441e-06,0.646942230386,3.98299781189e-05,0,MODEL-INFERRED
397.164117362,0.840896415254,114105,0.00416348902784,0.689755418902,0.00138174639306,0.0490899662509,0.00101365656201,3.85186258549e-06,0.439516780317,4.08681748896e-05,0,MODEL-INFERRED
445.625469067,0.840896415254,114105,0.00385588516304,0.586629428192,0.001039222418,0.0387020374358,0.000737093632841,2.57710256681e-06,0.294060288386,4.54373991085e-05,0,MODEL-INFERRED
500,0.840896415254,114105,0.003571007463,0.467805678071,0.000773171891497,0.0299716152824,0.000527451803025,1.69628879568e-06,0.193555033031,5.21039401431e-05,0,MODEL-INFERRED
50,0.917004043205,114105,0.016575148365,0.980213829473,0.0580587543776,0.384367165278,0.0512347229974,0.000832191395293,94.9571991599,1.81494753353e-05,0.00026971549022,MODEL-INFERRED
56.1009227151,0.917004043205,114105,0.0153505553224,0.977072046797,0.0535150651294,0.380671459176,0.0473666955486,0.000710367123618,81.0564406404,1.81494753353e-05,0.0002322451291,MODEL-INFERRED
62.9462705897,0.917004043205,114105,0.0142164367712,0.971480327749,0.0488317757489,0.374308432199,0.043302839222,0.000599591983204,68.4164432435,1.81494753353e-05,0.000188009402713,MODEL-INFERRED
70.6268772311,0.917004043205,114105,0.0131661083411,0.964097511939,0.0440931861618,0.365187970206,0.0391290901918,0.000500246413106,57.0806169675,2.06423060127e-05,0.000143773676326,MODEL-INFERRED
79.2446596231,0.917004043205,114105,0.0121933795112,0.955269097857,0.0393942477901,0.353400418665,0.0349442710538,0.000412522171063,47.0708423292,2.31351366901e-05,0.000110420047879,MODEL-INFERRED
88.9139705019,0.917004043205,114105,0.0112925171245,0.946455578881,0.034826962763,0.339327801375,0.0308482969926,0.000336310316579,38.3746886732,2.31351366901e-05,8.09720374677e-05,MODEL-INFERRED
99.7631157484,0.917004043205,114105,0.0104582115968,0.941663514956,0.0304709669594,0.323042893503,0.0269229481228,0.000271092117906,30.9329661137,2.73297703214e-05,5.54714916405e-05,MODEL-INFERRED
111.936056928,0.917004043205,114105,0.00968554562249,0.937980127602,0.0263902983871,0.30483236114,0.0232344970324,0.000216098472991,24.6579162607,2.9406163863e-05,5.02595845126e-05,MODEL-INFERRED
125.594321575,0.917004043205,114105,0.00896996519314,0.935844124974,0.0226306788332,0.283335868596,0.0198000321352,0.000170105659206,19.4099062437,2.9406163863e-05,4.10792895265e-05,MODEL-INFERRED
140.919146563,0.917004043205,114105,0.00830725275603,0.933272582355,0.019216417469,0.26095691363,0.0166906852469,0.000132452488851,15.1134912403,2.9406163863e-05,2.62915735507e-05,MODEL-INFERRED
158.113883008,0.917004043205,114105,0.00769350235666,0.93004485155,0.016154118608,0.237800976791,0.0139102838821,0.000101960206649,11.6341693796,2.9406163863e-05,1.18993714366e-05,MODEL-INFERRED
177.406694617,0.917004043205,114105,0.0071250966174,0.926004353283,0.0134403388646,0.214187123002,0.011455906501,7.75504719426e-05,8.84889660101,2.9406163863e-05,6.27102717283e-06,MODEL-INFERRED
199.053585277,0.917004043205,114105,0.0065986854171,0.919767369993,0.011063643265,0.19047920624,0.00931757379063,5.82442814267e-05,6.6459637322,3.04443606337e-05,4.17371035718e-06,MODEL-INFERRED
223.341796075,0.917004043205,114105,0.00611116614581,0.909806396412,0.00900879188074,0.167130893737,0.00748152303745,4.31766851001e-05,4.92667565334,3.04443606337e-05,0,MODEL-INFERRED
250.593616814,0.917004043205,114105,0.00565966541834,0.895237874828,0.00725304401389,0.144638162836,0.00592676187936,3.15700503259e-05,3.60230059244,3.14825574045e-05,0,MODEL-INFERRED
281.170662595,0.917004043205,114105,0.00524152213887,0.872007338015,0.00577116209614,0.123320636311,0.00462809020783,2.27468930487e-05,2.59553423133,3.14825574045e-05,0,MODEL-INFERRED
315.47867224,0.917004043205,114105,0.00485427181671,0.831351860655,0.00453719229393,0.10340887396,0.00355902254868,1.61337881137e-05,1.84094589272,3.35798742201e-05,0,MODEL-INFERRED
353.972892192,0.917004043205,114105,0.00449563204088,0.781185292645,0.00352420903275,0.0853906536246,0.00269566546679,1.12653258287e-05,1.28543000368,3.66944645324e-05,0,MODEL-INFERRED
397.164117362,0.917004043205,114105,0.00416348902784,0.689755418902,0.00270492952366,0.0692226744723,0.0020089891255,7.7352546569e-06,0.882631232625,3.87917813481e-05,0,MODEL-INFERRED
445.625469067,0.917004043205,114105,0.00385588516304,0.586629428192,0.0020519117452,0.0551682186024,0.00147375531356,5.22506314236e-06,0.596205829859,3.87917813481e-05,0,MODEL-INFERRED
500,0.917004043205,114105,0.003571007463,0.467805678071,0.00153875826256,0.0431680154385,0.0010635498872,3.47028289336e-06,0.395976629547,3.87917813481e-05,0,MODEL-INFERRED
50,1,114105,0.016575148365,0.980213829473,0.0931940422642,0.456876262418,0.0830732461299,0.00135497430125,154.609342644,1.18784481625e-05,0.000508499738814,MODEL-INFERRED
56.1009227151,1,114105,0.0153505553224,0.977072046797,0.0865232085726,0.453114858117,0.0773295892234,0.00116494919383,132.926527762,1.18784481625e-05,0.000410827067779,MODEL-INFERRED
62.9462705897,1,114105,0.0142164367712,0.971480327749,0.0795596859871,0.446588210081,0.0712175364916,0.000990844615464,113.060324848,1.60730817938e-05,0.000343625472791,MODEL-INFERRED
70.6268772311,1,114105,0.0131661083411,0.964097511939,0.0724262792609,0.437173239781,0.0648625057846,0.000833432202337,95.0987814476,1.71112785646e-05,0.000306641992663,MODEL-INFERRED
79.2446596231,1,114105,0.0121933795112,0.955269097857,0.0652640705427,0.424917205051,0.0584116689278,0.000693203502258,79.0979856251,1.71112785646e-05,0.000246785676028,MODEL-INFERRED
88.9139705019,1,114105,0.0112925171245,0.946455578881,0.0582123562925,0.410161442817,0.0520172078277,0.000570202289459,65.0629322387,1.81494753353e-05,0.00020699175232,MODEL-INFERRED
99.7631157484,1,114105,0.0104582115968,0.941663514956,0.0513995673911,0.392895479141,0.0458107071386,0.000463879208835,52.9309371241,1.81494753353e-05,0.000161054222979,MODEL-INFERRED
111.936056928,1,114105,0.00968554562249,0.937980127602,0.0449363190372,0.373364153122,0.0399059079921,0.000373298748236,42.5952536674,1.81494753353e-05,0.000122488687404,MODEL-INFERRED
125.594321575,1,114105,0.00896996519314,0.935844124974,0.0389076031588,0.350067218085,0.034340090561,0.000296755536374,33.861290478,2.31351366901e-05,9.28923321784e-05,MODEL-INFERRED
140.919146563,1,114105,0.00830725275603,0.933272582355,0.0333644719973,0.325435220875,0.0292382830696,0.000233407083074,26.6329152142,2.31351366901e-05,6.42562727648e-05,MODEL-INFERRED
158.113883008,1,114105,0.00769350235666,0.93004485155,0.0283311884205,0.299532640666,0.0246192886556,0.000181540606981,20.7146909595,2.52324535058e-05,4.81622676969e-05,MODEL-INFERRED
177.406694617,1,114105,0.0071250966174,0.926004353283,0.0238156402097,0.272671075505,0.0204909084871,0.000139559009523,15.9243807817,2.83679670922e-05,3.794377594e-05,MODEL-INFERRED
199.053585277,1,114105,0.0065986854171,0.919767369993,0.0198120851712,0.245221307693,0.0168489057428,0.000105982174191,12.0930959861,2.9406163863e-05,2.4194256735e-05,MODEL-INFERRED
223.341796075,1,114105,0.00611116614581,0.909806396412,0.0163062492823,0.217693188571,0.0136807218707,7.94699314891e-05,9.06791653256,2.9406163863e-05,1.4392202114e-05,MODEL-INFERRED
250.593616814,1,114105,0.00565966541834,0.895237874828,0.0132733477659,0.190679959871,0.010963379578,5.88078519568e-05,6.71026994753,2.9406163863e-05,6.27102717283e-06,MODEL-INFERRED
281.170662595,1,114105,0.00524152213887,0.872007338015,0.0106826835656,0.164593786166,0.00866496756653,4.29141791699e-05,4.89672241419,2.9406163863e-05,4.17371035718e-06,MODEL-INFERRED
315.47867224,1,114105,0.00485427181671,0.831351860655,0.00849876025468,0.139764828822,0.00674794122117,3.08497846383e-05,3.52011467615,3.04443606337e-05,3.13551358641e-06,MODEL-INFERRED
353.972892192,1,114105,0.00449563204088,0.781185292645,0.00668164724269,0.116864871689,0.0051770315751,2.18406585241e-05,2.49212834089,3.04443606337e-05,0,MODEL-INFERRED
397.164117362,1,114105,0.00416348902784,0.689755418902,0.00518966840657,0.0959284822157,0.00390693261336,1.52027417654e-05,1.73470884914,3.04443606337e-05,0,MODEL-INFERRED
445.625469067,1,114105,0.00385588516304,0.586629428192,0.00398122039728,0.077388176634,0.00289972069029,1.04015536138e-05,1.1868692751,3.14825574045e-05,0,MODEL-INFERRED
500,1,114105,0.003571007463,0.467805678071,0.00301636781474,0.0612715419958,0.00211482482045,6.98874572327e-06,0.797450830754,3.14825574045e-05,0,MODEL-INFERRED
50,1.09050773267,114105,0.016575148365,0.980213829473,0.143329603278,0.530180577195,0.129105033483,0.00211295463754,241.098688917,1.08402513918e-05,0.001012317963,MODEL-INFERRED
56.1009227151,1.09050773267,114105,0.0153505553224,0.977072046797,0.13414986956,0.526502800993,0.121113624117,0.00183151394759,208.984898989,1.18784481625e-05,0.000835169734957,MODEL-INFERRED
62.9462705897,1.09050773267,114105,0.0142164367712,0.971480327749,0.124440486899,0.520078486404,0.112494224416,0.00157172057538,179.341176253,1.18784481625e-05,0.000698499960076,MODEL-INFERRED
70.6268772311,1.09050773267,114105,0.0131661083411,0.964097511939,0.11436073575,0.510756902769,0.103410170723,0.00133482216906,152.3098836,1.18784481625e-05,0.000561746492098,MODEL-INFERRED
79.2446596231,1.09050773267,114105,0.0121933795112,0.955269097857,0.104100864884,0.498538294826,0.0940608304827,0.00112173980737,127.99612072,1.18784481625e-05,0.000460506739205,MODEL-INFERRED
88.9139705019,1.09050773267,114105,0.0112925171245,0.946455578881,0.0938474344781,0.483703227316,0.0846533436964,0.000932753270918,106.431811978,1.39757649782e-05,0.000365517090211,MODEL-INFERRED
99.7631157484,1.09050773267,114105,0.0104582115968,0.941663514956,0.0837833651583,0.46614505625,0.0753759829925,0.000767380592363,87.5619624916,1.60730817938e-05,0.000311479309203,MODEL-INFERRED
111.936056928,1.09050773267,114105,0.00968554562249,0.937980127602,0.0740766887367,0.44605160894,0.0664023162291,0.000624630361531,71.2734474025,1.60730817938e-05,0.000265146266001,MODEL-INFERRED
125.594321575,1.09050773267,114105,0.00896996519314,0.935844124974,0.0648692785161,0.421839349412,0.0577999106642,0.000502354367071,57.3211450546,1.60730817938e-05,0.000220345757663,MODEL-INFERRED
140.919146563,1.09050773267,114105,0.00830725275603,0.933272582355,0.0562602539474,0.395827240533,0.049780494604,0.000399722204436,45.6103021371,1.60730817938e-05,0.000171540807057,MODEL-INFERRED
158.113883008,1.09050773267,114105,0.00769350235666,0.93004485155,0.0483154950967,0.368011389433,0.0424007820081,0.000314519678365,35.8882678999,1.71112785646e-05,0.000126436151988,MODEL-INFERRED
177.406694617,1.09050773267,114105,0.0071250966174,0.926004353283,0.0410758689804,0.33865612014,0.0357003965423,0.00024460894003,27.9111031021,1.71112785646e-05,9.95797964871e-05,MODEL-INFERRED
199.053585277,1.09050773267,114105,0.0065986854171,0.919767369993,0.0345591492382,0.308094907979,0.0296981489495,0.000187936212416,21.4444615178,2.06423060127e-05,6.8429983122e-05,MODEL-INFERRED
223.341796075,1.09050773267,114105,0.00611116614581,0.909806396412,0.0287664064199,0.276852376793,0.0243965276642,0.000142580250254,16.2691194553,2.31351366901e-05,4.77667538352e-05,MODEL-INFERRED
250.593616814,1.09050773267,114105,0.00565966541834,0.895237874828,0.0236826618331,0.245585590063,0.0197820381294,0.000106766736972,12.1826185222,2.62706502766e-05,3.794377594e-05,MODEL-INFERRED
281.170662595,1.09050773267,114105,0.00524152213887,0.872007338015,0.0192806902407,0.214778484105,0.0158238649935,7.88679028951e-05,8.99922205984,2.62706502766e-05,2.31560599643e-05,MODEL-INFERRED
315.47867224,1.09050773267,114105,0.00485427181671,0.831351860655,0.0155203237948,0.184853808737,0.0124767286813,5.74233705058e-05,6.55229369157,2.83679670922e-05,1.22948852984e-05,MODEL-INFERRED
353.972892192,1.09050773267,114105,0.00449563204088,0.781185292645,0.0123506182354,0.156675143475,0.00969612375659,4.12037678119e-05,4.70155592618,2.9406163863e-05,8.76385785023e-06,MODEL-INFERRED
397.164117362,1.09050773267,114105,0.00416348902784,0.689755418902,0.00971343880448,0.130378446995,0.00741585668382,2.90903412254e-05,3.31935338553,2.9406163863e-05,4.17371035718e-06,MODEL-INFERRED
445.625469067,1.09050773267,114105,0.00385588516304,0.586629428192,0.00754723070824,0.106607593273,0.00557965070937,2.01968741474e-05,2.30456432459,2.9406163863e-05,3.13551358641e-06,MODEL-INFERRED
500,1.09050773267,114105,0.003571007463,0.467805678071,0.00579081301462,0.0855258382053,0.00412427773537,1.37688291444e-05,1.57109224953,3.04443606337e-05,3.13551358641e-06,MODEL-INFERRED
50,1.189207115,114105,0.016575148365,0.980213829473,0.210436155897,0.601384024311,0.191534509094,0.00314214281528,358.534205937,9.80205462099e-06,0.00204094292761,MODEL-INFERRED
56.1009227151,1.189207115,114105,0.0153505553224,0.977072046797,0.19860052779,0.597923166506,0.181119715963,0.00274672569873,313.415135854,1.08402513918e-05,0.00169686496327,MODEL-INFERRED
62.9462705897,1.189207115,114105,0.0142164367712,0.971480327749,0.185912553045,0.591846270509,0.169729376436,0.00237922234747,271.481165958,1.08402513918e-05,0.00138861253478,MODEL-INFERRED
70.6268772311,1.189207115,114105,0.0131661083411,0.964097511939,0.172559795614,0.582984376819,0.15755703244,0.0020413872609,232.932493405,1.08402513918e-05,0.00112465860251,MODEL-INFERRED
79.2446596231,1.189207115,114105,0.0121933795112,0.955269097857,0.158781439663,0.571294063484,0.14485467803,0.00173470179033,197.938147786,1.08402513918e-05,0.000917518505373,MODEL-INFERRED
88.9139705019,1.189207115,114105,0.0112925171245,0.946455578881,0.144807599757,0.556984377444,0.131882527745,0.00145976838127,166.566871145,1.08402513918e-05,0.000763547260564,MODEL-INFERRED
99.7631157484,1.189207115,114105,0.0104582115968,0.941663514956,0.130875093964,0.539851634014,0.118885130972,0.00121625255447,138.780497728,1.08402513918e-05,0.000626086457959,MODEL-INFERRED
111.936056928,1.189207115,114105,0.00968554562249,0.937980127602,0.117207801676,0.520024031306,0.10609544006,0.0010031745238,114.467229038,1.18784481625e-05,0.0004906183558,MODEL-INFERRED
125.594321575,1.189207115,114105,0.00896996519314,0.935844124974,0.104003157142,0.495905739938,0.0936027024157,0.000817923811535,93.3291965152,1.18784481625e-05,0.000401652564931,MODEL-INFERRED
140.919146563,1.189207115,114105,0.00830725275603,0.933272582355,0.0914133671944,0.469574874323,0.0817226391602,0.000659882767369,75.2959231706,1.39757649782e-05,0.00032001692128,MODEL-INFERRED
158.113883008,1.189207115,114105,0.00769350235666,0.93004485155,0.0795610480507,0.440936256185,0.0705659074011,0.000526460045441,60.071723485,1.60730817938e-05,0.000277462074573,MODEL-INFERRED
177.406694617,1.189207115,114105,0.0071250966174,0.926004353283,0.0685416149723,0.410166946016,0.0602270476511,0.000415096827829,47.3646235395,1.60730817938e-05,0.000232018883327,MODEL-INFERRED
199.053585277,1.189207115,114105,0.0065986854171,0.919767369993,0.0584248908027,0.377512288142,0.0507775193565,0.000323269014164,36.8866108612,1.60730817938e-05,0.000177790910956,MODEL-INFERRED
223.341796075,1.189207115,114105,0.00611116614581,0.909806396412,0.0492590191941,0.343454764374,0.0422672220503,0.000248535441179,28.3591365157,1.60730817938e-05,0.00013166898239,MODEL-INFERRED
250.593616814,1.189207115,114105,0.00565966541834,0.895237874828,0.041069852315,0.308660057107,0.0347232600094,0.000188566624581,21.5163946978,1.60730817938e-05,0.000102715310074,MODEL-INFERRED
281.170662595,1.189207115,114105,0.00524152213887,0.872007338015,0.0338581252415,0.273638687384,0.0281392548734,0.000141120684402,16.1025756937,1.71112785646e-05,7.78574471554e-05,MODEL-INFERRED
315.47867224,1.189207115,114105,0.00485427181671,0.831351860655,0.0275974084019,0.238875022204,0.0224784395094,0.000104100853902,11.8784279345,1.9604109242e-05,5.09022674216e-05,MODEL-INFERRED
353.972892192,1.189207115,114105,0.00449563204088,0.781185292645,0.022237781732,0.205400752882,0.0176998323527,7.56913760379e-05,8.63676446281,2.20969399194e-05,3.54509452627e-05,MODEL-INFERRED
397.164117362,1.189207115,114105,0.00416348902784,0.689755418902,0.0177119649922,0.173460390569,0.0137200085727,5.41735151351e-05,6.18146894449,2.52324535058e-05,2.31560599643e-05,MODEL-INFERRED
445.625469067,1.189207115,114105,0.00385588516304,0.586629428192,0.0139407853277,0.143932092334,0.0104663876126,3.81530859785e-05,4.35345787557,2.52324535058e-05,1.12566885276e-05,MODEL-INFERRED
500,1.189207115,114105,0.003571007463,0.467805678071,0.0108392121008,0.117159063158,0.00784770154061,2.64043610811e-05,3.01286962115,2.52324535058e-05,8.76385785023e-06,MODEL-INFERRED
50,1.29683955465,114105,0.016575148365,0.980213829473,0.294633569257,0.667994881,0.270948502935,0.00445083142377,507.862119609,8.76385785023e-06,0.00393246124639,MODEL-INFERRED
56.1009227151,1.29683955465,114105,0.0153505553224,0.977072046797,0.280376710932,0.664849664712,0.258264712581,0.00392354382066,447.695967656,9.80205462099e-06,0.00329722120886,MODEL-INFERRED
62.9462705897,1.29683955465,114105,0.0142164367712,0.971480327749,0.264878044126,0.659308364382,0.244189432971,0.00343055441623,391.443411664,9.80205462099e-06,0.00279194067672,MODEL-INFERRED
70.6268772311,1.29683955465,114105,0.0131661083411,0.964097511939,0.248330491285,0.651196005743,0.228924268494,0.00297397376624,339.345276597,9.80205462099e-06,0.00230557972438,MODEL-INFERRED
79.2446596231,1.29683955465,114105,0.0121933795112,0.955269097857,0.23100075962,0.640434556491,0.212753911093,0.00255578101629,291.627392864,9.80205462099e-06,0.00185695722547,MODEL-INFERRED
88.9139705019,1.29683955465,114105,0.0112925171245,0.946455578881,0.213149633367,0.627161229575,0.195980505133,0.0021769798632,248.40428729,1.08402513918e-05,0.00151710994918,MODEL-INFERRED
99.7631157484,1.29683955465,114105,0.0104582115968,0.941663514956,0.195061601053,0.611086901274,0.178898833427,0.00183750988713,209.669065671,1.08402513918e-05,0.00121961219709,MODEL-INFERRED
111.936056928,1.29683955465,114105,0.00968554562249,0.937980127602,0.177016717501,0.592292817254,0.161802261629,0.00153658638308,175.332189241,1.08402513918e-05,0.000993052389939,MODEL-INFERRED
125.594321575,1.29683955465,114105,0.00896996519314,0.935844124974,0.159264701129,0.569246752445,0.144791870586,0.00127119631008,145.049854962,1.08402513918e-05,0.000792748101928,MODEL-INFERRED
140.919146563,1.29683955465,114105,0.00830725275603,0.933272582355,0.142012689711,0.543690328351,0.12829666486,0.00104115867666,118.8014108,1.08402513918e-05,0.000661120966086,MODEL-INFERRED
158.113883008,1.29683955465,114105,0.00769350235666,0.93004485155,0.125443528319,0.515425577112,0.112484812222,0.000843642936653,96.2638772867,1.08402513918e-05,0.000511076262587,MODEL-INFERRED
177.406694617,1.29683955465,114105,0.0071250966174,0.926004353283,0.109711448111,0.484514607132,0.0975115636817,0.000675792643391,77.1113195742,1.08402513918e-05,0.000413424514827,MODEL-INFERRED
199.053585277,1.29683955465,114105,0.0065986854171,0.919767369993,0.0949490521009,0.451067424207,0.0835142284007,0.000534747140884,61.0173225106,1.08402513918e-05,0.000337170046393,MODEL-INFERRED
223.341796075,1.29683955465,114105,0.00611116614581,0.909806396412,0.0812725467242,0.415464322079,0.0706146769206,0.000417698336394,47.6614686742,1.39757649782e-05,0.000299621784315,MODEL-INFERRED
250.593616814,1.29683955465,114105,0.00565966541834,0.895237874828,0.0687814424384,0.378307674006,0.0589171534311,0.000321917746767,36.7324244949,1.60730817938e-05,0.000233699763007,MODEL-INFERRED
281.170662595,1.29683955465,114105,0.00524152213887,0.872007338015,0.0575424405719,0.34006919961,0.0484792796901,0.000244652993326,27.9161298035,1.60730817938e-05,0.000178850031001,MODEL-INFERRED
315.47867224,1.29683955465,114105,0.00485427181671,0.831351860655,0.047582141307,0.301237289167,0.0393116245509,0.000183213609011,20.9055888561,1.60730817938e-05,0.000142509233782,MODEL-INFERRED
353.972892192,1.29683955465,114105,0.00449563204088,0.781185292645,0.0388854620329,0.262948967451,0.0314130792702,0.000135189340094,15.4257796514,1.60730817938e-05,0.000106641851383,MODEL-INFERRED
397.164117362,1.29683955465,114105,0.00416348902784,0.689755418902,0.0314027065651,0.225537678826,0.0247056971613,9.81693045803e-05,11.2016084991,1.60730817938e-05,7.78574471554e-05,MODEL-INFERRED
445.625469067,1.29683955465,114105,0.00385588516304,0.586629428192,0.0250559030653,0.190103915096,0.0191201155268,7.01417245256e-05,8.003521477,1.60730817938e-05,5.15449503306e-05,MODEL-INFERRED
500,1.29683955465,114105,0.003571007463,0.467805678071,0.0197483245103,0.157195296573,0.0145456663993,4.92593796133e-05,5.62074151078,1.85659124712e-05,3.12772349055e-05,MODEL-INFERRED
50,1.41421356237,114105,0.016575148365,0.980213829473,0.392966796873,0.728240069445,0.365109965134,0.00600121005963,684.768073855,3.13551358641e-06,0.00717308530995,MODEL-INFERRED
56.1009227151,1.41421356237,114105,0.0153505553224,0.977072046797,0.377043445594,0.725466108335,0.350776145424,0.00533404352598,608.641036532,4.17371035718e-06,0.00617952924291,MODEL-INFERRED
62.9462705897,1.41421356237,114105,0.0142164367712,0.971480327749,0.359477689404,0.72057289265,0.334623284345,0.00470724176759,537.119821891,6.66654103458e-06,0.0052231352631,MODEL-INFERRED
70.6268772311,1.41421356237,114105,0.0131661083411,0.964097511939,0.340432896836,0.713390701914,0.316826230263,0.00412291107062,470.444767713,6.66654103458e-06,0.00433122380182,MODEL-INFERRED
79.2446596231,1.41421356237,114105,0.0121933795112,0.955269097857,0.320160558693,0.703819764354,0.297660149078,0.00358320726065,408.861864477,8.76385785023e-06,0.00368451407922,MODEL-INFERRED
88.9139705019,1.41421356237,114105,0.0112925171245,0.946455578881,0.298917861009,0.691933436281,0.277435846205,0.00308943492444,352.519972053,9.80205462099e-06,0.00303362485413,MODEL-INFERRED
99.7631157484,1.41421356237,114105,0.0104582115968,0.941663514956,0.277003702872,0.677376680103,0.256465240018,0.00264178367167,301.440725856,9.80205462099e-06,0.00251201248689,MODEL-INFERRED
111.936056928,1.41421356237,114105,0.00968554562249,0.937980127602,0.254730223374,0.66020976748,0.235080003522,0.00223978988044,255.571224308,9.80205462099e-06,0.00196734121894,MODEL-INFERRED
125.594321575,1.41421356237,114105,0.00896996519314,0.935844124974,0.232384032111,0.639033711111,0.213376438845,0.001880212924,214.541695693,1.08402513918e-05,0.00159982563615,MODEL-INFERRED
140.919146563,1.41421356237,114105,0.00830725275603,0.933272582355,0.210227911674,0.615206225791,0.191899068009,0.00156363538706,178.418615841,1.08402513918e-05,0.0012947505678,MODEL-INFERRED
158.113883008,1.41421356237,114105,0.00769350235666,0.93004485155,0.1885147463,0.588432319695,0.170883537157,0.00128732732974,146.89048496,1.08402513918e-05,0.00105701776521,MODEL-INFERRED
177.406694617,1.41421356237,114105,0.0071250966174,0.926004353283,0.167468959833,0.558652590985,0.150557099118,0.00104842748039,119.63081765,1.08402513918e-05,0.000845973931939,MODEL-INFERRED
199.053585277,1.41421356237,114105,0.0065986854171,0.919767369993,0.147296137102,0.525813341316,0.131133166118,0.000843970991687,96.3013100065,1.08402513918e-05,0.000694219751453,MODEL-INFERRED
223.341796075,1.41421356237,114105,0.00611116614581,0.909806396412,0.128190024533,0.490143640484,0.112817082733,0.000670975761182,76.5616892297,1.08402513918e-05,0.000543222426175,MODEL-INFERRED
250.593616814,1.41421356237,114105,0.00565966541834,0.895237874828,0.110337193403,0.452110950797,0.0958076926876,0.000526493751474,60.075569512,1.08402513918e-05,0.000429143929308,MODEL-INFERRED
281.170662595,1.41421356237,114105,0.00524152213887,0.872007338015,0.0938921440647,0.412073786441,0.0802522474816,0.000407429287544,46.4897188552,1.08402513918e-05,0.000353264051461,MODEL-INFERRED
315.47867224,1.41421356237,114105,0.00485427181671,0.831351860655,0.0789643851439,0.370447199756,0.0662421795872,0.00031064549719,35.4462044568,1.08402513918e-05,0.000301698177856,MODEL-INFERRED
353.972892192,1.41421356237,114105,0.00449563204088,0.781185292645,0.0656136878396,0.328373766685,0.0538642394996,0.000233289837676,26.6195369281,1.08402513918e-05,0.000243296495128,MODEL-INFERRED
397.164117362,1.41421356237,114105,0.00416348902784,0.689755418902,0.0538526661436,0.286222917916,0.0430905666998,0.000172331635184,19.6639012327,1.50348850231e-05,0.000186992129216,MODEL-INFERRED
445.625469067,1.41421356237,114105,0.00385588516304,0.586629428192,0.0436485992718,0.245258158638,0.0339039031403,0.000125183902004,14.2841091382,1.50348850231e-05,0.000156505922034,MODEL-INFERRED
500,1.41421356237,114105,0.003571007463,0.467805678071,0.0349303240095,0.206219360271,0.0262099448353,8.93342828879e-05,10.1934883489,1.60730817938e-05,0.000110172878832,MODEL-INFERRED
50,1.54221082541,114105,0.016575148365,0.980213829473,0.498620155966,0.781163973954,0.468044485849,0.0076951826389,878.058815012,3.13551358641e-06,0.01302636056,MODEL-INFERRED
56.1009227151,1.54221082541,114105,0.0153505553224,0.977072046797,0.482345954462,0.778776726698,0.453206046051,0.00689534649371,786.793511665,3.13551358641e-06,0.0111945085834,MODEL-INFERRED
62.9462705897,1.54221082541,114105,0.0142164367712,0.971480327749,0.464102364428,0.774570152117,0.436195119032,0.0061411003978,700.730260891,3.13551358641e-06,0.00958616437657,MODEL-INFERRED
70.6268772311,1.54221082541,114105,0.0131661083411,0.964097511939,0.443983948592,0.768388215954,0.417120020662,0.00543401781513,620.048602796,3.13551358641e-06,0.00806290915679,MODEL-INFERRED
79.2446596231,1.54221082541,114105,0.0121933795112,0.955269097857,0.422175182261,0.760122127942,0.396193441305,0.00477593218878,544.957742401,3.13551358641e-06,0.00686190305375,MODEL-INFERRED
88.9139705019,1.54221082541,114105,0.0112925171245,0.946455578881,0.398876456472,0.749793568363,0.373680213012,0.00416811894122,475.603211788,3.13551358641e-06,0.00570691592788,MODEL-INFERRED
99.7631157484,1.54221082541,114105,0.0104582115968,0.941663514956,0.374346091198,0.737003073993,0.349852934137,0.00361082438909,412.013116917,6.66654103458e-06,0.00470907574198,MODEL-INFERRED
111.936056928,1.54221082541,114105,0.00968554562249,0.937980127602,0.348875831118,0.721822103364,0.325030031265,0.00310387085451,354.167183854,6.66654103458e-06,0.00395443880218,MODEL-INFERRED
125.594321575,1.54221082541,114105,0.00896996519314,0.935844124974,0.322747448236,0.703037460266,0.299267892716,0.00264396332119,301.689434764,8.76385785023e-06,0.00325968264916,MODEL-INFERRED
140.919146563,1.54221082541,114105,0.00830725275603,0.933272582355,0.296245883961,0.681624431314,0.273185827828,0.00223260371155,254.751246507,9.80205462099e-06,0.0026761298977,MODEL-INFERRED
158.113883008,1.54221082541,114105,0.00769350235666,0.93004485155,0.269678619939,0.657214258588,0.247074595004,0.00186755731083,213.097626952,9.80205462099e-06,0.00210886923364,MODEL-INFERRED
177.406694617,1.54221082541,114105,0.0071250966174,0.926004353283,0.243342492558,0.629642634916,0.221237499182,0.00154641963666,176.454212641,1.08402513918e-05,0.00170017365519,MODEL-INFERRED
199.053585277,1.54221082541,114105,0.0065986854171,0.919767369993,0.217530525342,0.598693987939,0.195978925763,0.00126658405025,144.523573054,1.08402513918e-05,0.00137761459958,MODEL-INFERRED
223.341796075,1.54221082541,114105,0.00611116614581,0.909806396412,0.19253272846,0.564422158201,0.17160742505,0.00102530861075,116.99283903,1.08402513918e-05,0.00109915617478,MODEL-INFERRED
250.593616814,1.54221082541,114105,0.00565966541834,0.895237874828,0.168642024332,0.527108722898,0.148437603579,0.000819774233827,93.5403389508,1.08402513918e-05,0.000914883122019,MODEL-INFERRED
281.170662595,1.54221082541,114105,0.00524152213887,0.872007338015,0.146120523894,0.486935301244,0.126728004992,0.000646823959564,73.8058479061,1.08402513918e-05,0.000707552833522,MODEL-INFERRED
315.47867224,1.54221082541,114105,0.00485427181671,0.831351860655,0.125180700104,0.444164578409,0.106673145351,0.000503097661898,57.4059587109,1.08402513918e-05,0.000579188632806,MODEL-INFERRED
353.972892192,1.54221082541,114105,0.00449563204088,0.781185292645,0.105981405943,0.399823214834,0.088480576596,0.000385515259508,43.9892186861,1.08402513918e-05,0.000446028962099,MODEL-INFERRED
397.164117362,1.54221082541,114105,0.00416348902784,0.689755418902,0.0886275294088,0.354234384753,0.0722061048925,0.00029058046937,33.1566844575,1.08402513918e-05,0.000364767909036,MODEL-INFERRED
445.625469067,1.54221082541,114105,0.00385588516304,0.586629428192,0.0731713573398,0.308715160041,0.0579366001017,0.000215301712155,24.5670018655,1.08402513918e-05,0.0003090074018,MODEL-INFERRED
500,1.54221082541,114105,0.003571007463,0.467805678071,0.0596171565932,0.264136163538,0.0456506113598,0.000156620224248,17.8711506879,1.08402513918e-05,0.000254553183656,MODEL-INFERRED
50,1.68179283051,114105,0.016575148365,0.980213829473,0.601830817208,0.826522188452,0.570622491512,0.00938358141427,1070.71355728,1.03819677076e-06,0.0231430872258,MODEL-INFERRED
56.1009227151,1.68179283051,114105,0.0153505553224,0.977072046797,0.586789452742,0.824508156166,0.55672324115,0.00847381688405,966.904875554,1.03819677076e-06,0.0200122597856,MODEL-INFERRED
62.9462705897,1.68179283051,114105,0.0142164367712,0.971480327749,0.569653198652,0.820970632891,0.540498568085,0.00761433848132,868.834092411,1.03819677076e-06,0.0172714041105,MODEL-INFERRED
70.6268772311,1.68179283051,114105,0.0131661083411,0.964097511939,0.550411588449,0.815771860034,0.521952470151,0.006805401368,776.530323096,3.13551358641e-06,0.0147443778788,MODEL-INFERRED
79.2446596231,1.68179283051,114105,0.0121933795112,0.955269097857,0.529127990118,0.808804130327,0.501178425055,0.0060477335491,690.07663662,3.13551358641e-06,0.0125652384336,MODEL-INFERRED
88.9139705019,1.68179283051,114105,0.0112925171245,0.946455578881,0.505888140154,0.800049895085,0.478332580205,0.00534198986978,609.547754091,3.13551358641e-06,0.0105944422063,MODEL-INFERRED
99.7631157484,1.68179283051,114105,0.0104582115968,0.941663514956,0.480845151127,0.789084358719,0.453580381462,0.00468805088772,534.930046543,3.13551358641e-06,0.00885853438236,MODEL-INFERRED
111.936056928,1.68179283051,114105,0.00968554562249,0.937980127602,0.454201049327,0.77601837974,0.427156318791,0.00408576099039,466.205757809,3.13551358641e-06,0.00738857710142,MODEL-INFERRED
125.594321575,1.68179283051,114105,0.00896996519314,0.935844124974,0.426162441187,0.759853165277,0.399021495974,0.00353179337191,402.995282701,3.13551358641e-06,0.00610990707252,MODEL-INFERRED
140.919146563,1.68179283051,114105,0.00830725275603,0.933272582355,0.396968183889,0.741219742665,0.369782037673,0.00302840634336,345.55630581,3.13551358641e-06,0.0050741877624,MODEL-INFERRED
158.113883008,1.68179283051,114105,0.00769350235666,0.93004485155,0.366921359721,0.719710542693,0.339728509724,0.00257407639094,293.714986589,5.62834426381e-06,0.00418899981984,MODEL-INFERRED
177.406694617,1.68179283051,114105,0.0071250966174,0.926004353283,0.336350103537,0.695090348264,0.309202327476,0.00216721896048,247.290519486,6.66654103458e-06,0.00349498350899,MODEL-INFERRED
199.053585277,1.68179283051,114105,0.0065986854171,0.919767369993,0.305611108435,0.667012801928,0.278577786398,0.00180604118305,206.078329192,6.66654103458e-06,0.00279211363812,MODEL-INFERRED
223.341796075,1.68179283051,114105,0.00611116614581,0.909806396412,0.275090151313,0.635365994256,0.248269743021,0.00148859466446,169.856094188,9.80205462099e-06,0.00226100937206,MODEL-INFERRED
250.593616814,1.68179283051,114105,0.00565966541834,0.895237874828,0.245203128009,0.600229142026,0.218728441487,0.00121275687941,138.381623726,1.08402513918e-05,0.00178239500406,MODEL-INFERRED
281.170662595,1.68179283051,114105,0.00524152213887,0.872007338015,0.216341915373,0.561575511637,0.190348241382,0.000975811541181,111.344975906,1.08402513918e-05,0.00145243535738,MODEL-INFERRED
315.47867224,1.68179283051,114105,0.00485427181671,0.831351860655,0.188848667225,0.51945796901,0.163455176567,0.000774608895766,88.3867480514,1.08402513918e-05,0.00116914729008,MODEL-INFERRED
353.972892192,1.68179283051,114105,0.00449563204088,0.781185292645,0.163009012164,0.474673775546,0.138411406714,0.000606218711419,69.1725860665,1.08402513918e-05,0.000947424799468,MODEL-INFERRED
397.164117362,1.68179283051,114105,0.00416348902784,0.689755418902,0.139051011233,0.42740614136,0.115389494174,0.000466971756628,53.2838122901,1.08402513918e-05,0.000767819795154,MODEL-INFERRED
445.625469067,1.68179283051,114105,0.00385588516304,0.586629428192,0.117144438682,0.378880681745,0.0946233751189,0.000353735205805,40.3629556583,1.08402513918e-05,0.000598418151461,MODEL-INFERRED
500,1.68179283051,114105,0.003571007463,0.467805678071,0.0974036867262,0.329987289939,0.0762089378385,0.000263102463085,30.0213065503,1.08402513918e-05,0.000478612486097,MODEL-INFERRED
50,1.83400808641,114105,0.016575148365,0.980213829473,0.693326208043,0.864566245126,0.663622170923,0.0109158930008,1245.55797086,1.03819677076e-06,0.0402386111682,MODEL-INFERRED
56.1009227151,1.83400808641,114105,0.0153505553224,0.977072046797,0.680715347175,0.862895728004,0.651816542397,0.00992547049749,1132.54581112,1.03819677076e-06,0.0351202911407,MODEL-INFERRED
62.9462705897,1.83400808641,114105,0.0142164367712,0.971480327749,0.666166072835,0.859976326312,0.637818290573,0.00899064110828,1025.87710366,1.03819677076e-06,0.0305202613927,MODEL-INFERRED
70.6268772311,1.83400808641,114105,0.0131661083411,0.964097511939,0.649569244528,0.85568957473,0.621529244164,0.00810978403445,925.366907251,1.03819677076e-06,0.0262163356509,MODEL-INFERRED
79.2446596231,1.83400808641,114105,0.0121933795112,0.955269097857,0.630854294007,0.849935497144,0.602904716216,0.00728180838115,830.890745331,1.03819677076e-06,0.022527266394,MODEL-INFERRED
88.9139705019,1.83400808641,114105,0.0112925171245,0.946455578881,0.609966499317,0.842668346374,0.581957514045,0.00650602166438,742.369602014,1.03819677076e-06,0.0191755584594,MODEL-INFERRED
99.7631157484,1.83400808641,114105,0.0104582115968,0.941663514956,0.586907403962,0.83345317317,0.558694510463,0.0057812375186,659.66810706,1.03819677076e-06,0.016242749464,MODEL-INFERRED
111.936056928,1.83400808641,114105,0.00968554562249,0.937980127602,0.561722944683,0.822456175322,0.533194997774,0.0051066543241,582.694791651,1.03819677076e-06,0.0137158427628,MODEL-INFERRED
125.594321575,1.83400808641,114105,0.00896996519314,0.935844124974,0.534460786807,0.808894870233,0.505259522508,0.00447854211018,511.024047483,3.13551358641e-06,0.0113839675547,MODEL-INFERRED
140.919146563,1.83400808641,114105,0.00830725275603,0.933272582355,0.505226381532,0.793117056886,0.475362962702,0.00389927913851,444.9272461,3.13551358641e-06,0.00954668466535,MODEL-INFERRED
158.113883008,1.83400808641,114105,0.00769350235666,0.93004485155,0.474221522917,0.774711234922,0.443699919206,0.00336783377665,384.286673085,3.13551358641e-06,0.0079335487523,MODEL-INFERRED
177.406694617,1.83400808641,114105,0.0071250966174,0.926004353283,0.441717286192,0.753411719719,0.410562240946,0.00288343465027,329.014310769,3.13551358641e-06,0.00651603561264,MODEL-INFERRED
199.053585277,1.83400808641,114105,0.0065986854171,0.919767369993,0.408048538168,0.728789425912,0.376309439376,0.0024452148893,279.011244944,3.13551358641e-06,0.00537056731793,MODEL-INFERRED
223.341796075,1.83400808641,114105,0.00611116614581,0.909806396412,0.37363243041,0.700605140489,0.341401901999,0.00205234058461,234.182322407,3.13551358641e-06,0.00446447665107,MODEL-INFERRED
250.593616814,1.83400808641,114105,0.00565966541834,0.895237874828,0.338964955859,0.668757551178,0.306388778888,0.00170384570223,194.417313853,5.62834426381e-06,0.0036691596994,MODEL-INFERRED
281.170662595,1.83400808641,114105,0.00524152213887,0.872007338015,0.304552109319,0.633021500947,0.271790919446,0.00139802023844,159.521099308,5.62834426381e-06,0.00297840610675,MODEL-INFERRED
315.47867224,1.83400808641,114105,0.00485427181671,0.831351860655,0.27087788731,0.593224268714,0.238084085546,0.00113255045655,129.229669844,5.62834426381e-06,0.00239962811894,MODEL-INFERRED
353.972892192,1.83400808641,114105,0.00449563204088,0.781185292645,0.238380337446,0.549860241703,0.205816012099,0.00090524722763,103.293234909,1.08402513918e-05,0.00188480037527,MODEL-INFERRED
397.164117362,1.83400808641,114105,0.00416348902784,0.689755418902,0.207443175325,0.502896686553,0.175313254744,0.000712787723104,81.3326431448,1.08402513918e-05,0.00151652236206,MODEL-INFERRED
445.625469067,1.83400808641,114105,0.00385588516304,0.586629428192,0.178392334122,0.453320171162,0.147004225385,0.000552359488392,63.0269794229,1.08402513918e-05,0.00125177928395,MODEL-INFERRED
500,1.83400808641,114105,0.003571007463,0.467805678071,0.151496436154,0.401897950493,0.121154616345,0.000420589106203,47.9913199633,1.08402513918e-05,0.00099832706689,MODEL-INFERRED
50,2,114105,0.016575148365,0.980213829473,0.767931224694,0.895836219287,0.741293530608,0.0121984960695,1391.90939401,1.03819677076e-06,0.0695716269811,MODEL-INFERRED
56.1009227151,2,114105,0.0153505553224,0.977072046797,0.758122526947,0.894472669441,0.732009211648,0.0111522747214,1272.53030708,1.03819677076e-06,0.0608125399083,MODEL-INFERRED
62.9462705897,2,114105,0.0142164367712,0.971480327749,0.746748095229,0.892105446383,0.720895460718,0.0101679818859,1160.21757309,1.03819677076e-06,0.0529103283406,MODEL-INFERRED
70.6268772311,2,114105,0.0131661083411,0.964097511939,0.733651766861,0.888633743595,0.707799546093,0.00924220355127,1054.58163622,1.03819677076e-06,0.0458065640969,MODEL-INFERRED
79.2446596231,2,114105,0.0121933795112,0.955269097857,0.718681875127,0.883969224358,0.692585368226,0.00837200452455,955.287576274,1.03819677076e-06,0.039409733823,MODEL-INFERRED
88.9139705019,2,114105,0.0112925171245,0.946455578881,0.701680625863,0.878047065575,0.675149851385,0.00755502449148,862.0660696,1.03819677076e-06,0.0339476829091,MODEL-INFERRED
99.7631157484,2,114105,0.0104582115968,0.941663514956,0.682513715479,0.870435719791,0.655351048578,0.00678852553553,774.604706232,1.03819677076e-06,0.0289580860319,MODEL-INFERRED
111.936056928,2,114105,0.00968554562249,0.937980127602,0.661063114606,0.861356912755,0.633097089519,0.00607040234217,692.663259253,1.03819677076e-06,0.0245293020664,MODEL-INFERRED
125.594321575,2,114105,0.00896996519314,0.935844124974,0.637186478896,0.850224146677,0.608010938439,0.00539600657724,615.711330496,1.03819677076e-06,0.0207726635006,MODEL-INFERRED
140.919146563,2,114105,0.00830725275603,0.933272582355,0.610797761103,0.837168184419,0.580341854094,0.00476680295759,543.916051476,1.03819677076e-06,0.0175727911944,MODEL-INFERRED
158.113883008,2,114105,0.00769350235666,0.93004485155,0.58191074297,0.821803177599,0.550095837618,0.00418153177877,477.133683617,1.03819677076e-06,0.014682804921,MODEL-INFERRED
177.406694617,2,114105,0.0071250966174,0.926004353283,0.550630584852,0.803867837077,0.517400419755,0.00363960547271,415.297182463,1.03819677076e-06,0.0122993203277,MODEL-INFERRED
199.053585277,2,114105,0.0065986854171,0.919767369993,0.517146178256,0.782900493674,0.482469864486,0.00314059454083,358.357540082,3.13551358641e-06,0.0102439125088,MODEL-INFERRED
223.341796075,2,114105,0.00611116614581,0.909806396412,0.48178079169,0.75858597242,0.445681098685,0.00268451724103,306.316839788,3.13551358641e-06,0.00847372102295,MODEL-INFERRED
250.593616814,2,114105,0.00565966541834,0.895237874828,0.444983274088,0.730691186781,0.407554913398,0.00227147949024,259.187167233,3.13551358641e-06,0.00700479614664,MODEL-INFERRED
281.170662595,2,114105,0.00524152213887,0.872007338015,0.407267670506,0.698838417082,0.36863685542,0.00190094419088,216.907236901,3.13551358641e-06,0.00574079430314,MODEL-INFERRED
315.47867224,2,114105,0.00485427181671,0.831351860655,0.369182928958,0.662659734701,0.329485595616,0.00157181928424,179.352439428,3.13551358641e-06,0.00473580257711,MODEL-INFERRED
353.972892192,2,114105,0.00449563204088,0.781185292645,0.33128240386,0.622332690595,0.290804422442,0.00128319575442,146.419051558,3.13551358641e-06,0.0038614416367,MODEL-INFERRED
397.164117362,2,114105,0.00416348902784,0.689755418902,0.294106906521,0.577577858527,0.253088205279,0.00103276403926,117.8435407,5.62834426381e-06,0.0031407324463,MODEL-INFERRED
445.625469067,2,114105,0.00385588516304,0.586629428192,0.25816601478,0.529034256159,0.216996377564,0.000818688366663,93.416436078,5.62834426381e-06,0.00253635487151,MODEL-INFERRED
500,2,114105,0.003571007463,0.467805678071,0.223923848129,0.477212754577,0.183017702086,0.000638239409519,72.8263078232,5.62834426381e-06,0.00203081392109,MODEL-INFERRED
