kepid,kepoi_name,TCE_ID,koi_disposition,koi_pdisposition,koi_period,koi_prad,observed_tce_mes,koi_score,fpp_prob,astrophysical_planet_probability,false_alarm_reliability_p025,false_alarm_reliability_p50,false_alarm_reliability_p975,total_candidate_reliability_p025,total_candidate_reliability_p50,total_candidate_reliability_p975,published_comparison_box,robovetter_score_is_candidate_reliability,reliability_status,false_alarm_reliability_label,total_candidate_reliability_label
6584273,K03287.01,006584273-01,CONFIRMED,CANDIDATE,51.1104797,1.6,19.6583,0.949,8.3e-05,0.999917,0.9874746489,0.9996560059,0.9999907328,0.9873926885,0.9995730345,0.9999077336,False,False,validated_model_conditional_on_fixed_fpp,MODEL-INFERRED,MODEL-INFERRED
8037145,K00520.04,008037145-04,CONFIRMED,CANDIDATE,51.1658019,1.51,10.1711,0.905,0.0048,0.9952,0.9098143432,0.9823031167,0.9968453603,0.9054472344,0.9775880617,0.9920605025,False,False,validated_model_conditional_on_fixed_fpp,MODEL-INFERRED,MODEL-INFERRED
4277304,K04774.01,004277304-01,CANDIDATE,CANDIDATE,51.567801,1.3,10.004,0.986,0.012,0.988,0.9008725981,0.9797046287,0.996245782,0.8900621269,0.9679481732,0.9842908326,False,False,validated_model_conditional_on_fixed_fpp,MODEL-INFERRED,MODEL-INFERRED
5213230,K03474.01,005213230-01,CONFIRMED,CANDIDATE,52.6095103,1.83,12.5319,0.978,0.0008,0.9992,0.9695386734,0.9957822236,0.999434245,0.9687630424,0.9949855978,0.9986346976,False,False,validated_model_conditional_on_fixed_fpp,MODEL-INFERRED,MODEL-INFERRED
6264750,K04715.01,006264750-01,CANDIDATE,CANDIDATE,53.285584,1.44,8.8568,0.844,0.0017,0.9983,0.8033394589,0.9494187607,0.9891515567,0.8019737818,0.9478047488,0.987469999,False,False,validated_model_conditional_on_fixed_fpp,MODEL-INFERRED,MODEL-INFERRED
4587135,K04680.01,004587135-01,CANDIDATE,CANDIDATE,54.0812235,1.54,10.3345,0.767,0.067,0.933,0.9169272815,0.9817811678,0.9963148322,0.8554931536,0.9160018295,0.9295617385,False,False,validated_model_conditional_on_fixed_fpp,MODEL-INFERRED,MODEL-INFERRED
10585749,K04563.01,010585749-01,CANDIDATE,CANDIDATE,54.333582,1.7,9.4641,0.603,0.0053,0.9947,0.8642016366,0.9658643778,0.9924992094,0.8596213679,0.9607452966,0.9872389636,False,False,validated_model_conditional_on_fixed_fpp,MODEL-INFERRED,MODEL-INFERRED
9838468,K02943.01,009838468-01,CONFIRMED,CANDIDATE,54.4099612,1.56,14.6651,0.948,0.011,0.989,0.9840926642,0.9984183914,0.9998481143,0.9732676449,0.9874357891,0.9888497851,False,False,validated_model_conditional_on_fixed_fpp,MODEL-INFERRED,MODEL-INFERRED
3217264,K00401.03,003217264-03,CONFIRMED,CANDIDATE,55.3291399,1.67,16.5177,0.997,0.0072,0.9928,0.9881048369,0.9991562302,0.9999429226,0.9809904821,0.9919623053,0.9927433336,False,False,validated_model_conditional_on_fixed_fpp,MODEL-INFERRED,MODEL-INFERRED
4450844,K03168.01,004450844-01,CANDIDATE,CANDIDATE,56.3479517,1.06,9.1668,0.999,0.11,0.89,0.8375730277,0.9538754999,0.9886640297,0.7454399947,0.8489491949,0.8799109865,False,False,validated_model_conditional_on_fixed_fpp,MODEL-INFERRED,MODEL-INFERRED
8349399,K04763.01,008349399-01,CANDIDATE,CANDIDATE,56.446465,1.57,8.8675,0.903,0.0043,0.9957,0.8032688232,0.9424116957,0.9856137976,0.7998147673,0.9383593254,0.9813756582,False,False,validated_model_conditional_on_fixed_fpp,MODEL-INFERRED,MODEL-INFERRED
7663405,K01519.02,007663405-02,CANDIDATE,CANDIDATE,57.132855,1.81,8.4943,0.742,0.12,0.88,0.7530181299,0.9225457511,0.9797018245,0.6626559543,0.8118402609,0.8621376055,False,False,validated_model_conditional_on_fixed_fpp,MODEL-INFERRED,MODEL-INFERRED
5942949,K02525.01,005942949-01,CONFIRMED,CANDIDATE,57.2932309,1.95,11.2588,0.833,0.0013,0.9987,0.9462363609,0.9885046504,0.9976722159,0.9450062536,0.9872195943,0.996375242,False,False,validated_model_conditional_on_fixed_fpp,MODEL-INFERRED,MODEL-INFERRED
12785320,K00298.02,012785320-02,CANDIDATE,CANDIDATE,57.3840375,1.62,17.3706,0.915,0.013,0.987,0.9883973904,0.9992438739,0.9999524259,0.9755482244,0.9862537035,0.9869530444,False,False,validated_model_conditional_on_fixed_fpp,MODEL-INFERRED,MODEL-INFERRED
11360805,K02422.02,011360805-02,CANDIDATE,CANDIDATE,57.3888262,1.88,7.9999,0.852,0.017,0.983,0.6707688945,0.8879357573,0.9704407481,0.6593658233,0.8728408494,0.9539432553,False,False,validated_model_conditional_on_fixed_fpp,MODEL-INFERRED,MODEL-INFERRED
10933306,K05842.01,010933306-01,CANDIDATE,CANDIDATE,57.7749373,1.85,8.859,0.995,0.018,0.982,0.8015419275,0.9387600173,0.9837117635,0.7871141728,0.921862337,0.9660049517,False,False,validated_model_conditional_on_fixed_fpp,MODEL-INFERRED,MODEL-INFERRED
11125797,K03371.01,011125797-01,CANDIDATE,CANDIDATE,58.1263775,1.32,10.819,0.998,0.0044,0.9956,0.9337011158,0.9841181317,0.996442623,0.9295928309,0.9797880119,0.9920582754,False,False,validated_model_conditional_on_fixed_fpp,MODEL-INFERRED,MODEL-INFERRED
10467714,K04480.01,010467714-01,CANDIDATE,CANDIDATE,58.7488629,1.75,11.5944,1,0.013,0.987,0.9532003362,0.9900428419,0.9979793541,0.9408087319,0.977172285,0.9850056225,False,False,validated_model_conditional_on_fixed_fpp,MODEL-INFERRED,MODEL-INFERRED
9071593,K02257.02,009071593-02,CONFIRMED,CANDIDATE,59.284064,1.81,10.6643,0.514,0.0021,0.9979,0.9277632627,0.9815336043,0.9955730716,0.9258149599,0.9794723837,0.9934823682,False,False,validated_model_conditional_on_fixed_fpp,MODEL-INFERRED,MODEL-INFERRED
2577353,K07635.01,002577353-01,CANDIDATE,CANDIDATE,60.458443,1.59,8.2247,0.872,0.11,0.89,0.7090387461,0.8934224518,0.9683387258,0.631044484,0.7951459821,0.861821466,False,False,validated_model_conditional_on_fixed_fpp,MODEL-INFERRED,MODEL-INFERRED
4844470,K03469.01,004844470-01,CANDIDATE,CANDIDATE,60.532988,1.91,12.7107,0.955,0.0082,0.9918,0.9691533128,0.9943239654,0.998996819,0.9612062557,0.9861705089,0.990805045,False,False,validated_model_conditional_on_fixed_fpp,MODEL-INFERRED,MODEL-INFERRED
3223433,K04548.01,003223433-01,CANDIDATE,CANDIDATE,61.083322,1.61,10.0898,1,0.019,0.981,0.9010867594,0.9707934491,0.9919805958,0.883966111,0.9523483735,0.9731329644,False,False,validated_model_conditional_on_fixed_fpp,MODEL-INFERRED,MODEL-INFERRED
4141593,K07685.01,004141593-01,CANDIDATE,CANDIDATE,64.740274,1.35,8.6662,0.651,0.00054,0.99946,0.7702799048,0.909641953,0.9692379902,0.7698639536,0.9091507463,0.9687146017,False,False,validated_model_conditional_on_fixed_fpp,MODEL-INFERRED,MODEL-INFERRED
11922778,K03408.01,011922778-01,CANDIDATE,CANDIDATE,65.427645,1.65,13.706,0.864,0.0067,0.9933,0.9758210166,0.9957466511,0.9992859363,0.9692830158,0.9890751485,0.9925907206,False,False,validated_model_conditional_on_fixed_fpp,MODEL-INFERRED,MODEL-INFERRED
3646449,K04999.01,003646449-01,CANDIDATE,CANDIDATE,65.752109,2,9.0277,0.979,0.016,0.984,0.8138893452,0.9274635577,0.9747052435,0.8008671157,0.9126241408,0.9591099596,False,False,validated_model_conditional_on_fixed_fpp,MODEL-INFERRED,MODEL-INFERRED
11444514,K04371.01,011444514-01,CONFIRMED,CANDIDATE,66.373298,1.99,9.9445,0.997,0.0013,0.9987,0.8891088246,0.9607778752,0.9871900349,0.8879529832,0.959528864,0.9859066878,False,False,validated_model_conditional_on_fixed_fpp,MODEL-INFERRED,MODEL-INFERRED
9413156,K04700.02,009413156-02,CANDIDATE,CANDIDATE,66.47762,1.83,7.324,0.573,0.0035,0.9965,0.5046549458,0.7631033952,0.9163890014,0.5028886535,0.7604325333,0.9131816399,False,False,validated_model_conditional_on_fixed_fpp,MODEL-INFERRED,MODEL-INFERRED
3548044,K02194.02,003548044-02,CONFIRMED,CANDIDATE,67.968656,1.71,20.3878,0.979,0.0024,0.9976,0.9786523002,0.9989651147,0.9999509204,0.9763035346,0.9965675984,0.9975510382,False,False,validated_model_conditional_on_fixed_fpp,MODEL-INFERRED,MODEL-INFERRED
8962094,K00700.04,008962094-04,CONFIRMED,CANDIDATE,68.1609897,1.45,17.7233,0.976,0.046,0.954,0.9859391002,0.998735266,0.9998912423,0.9405859016,0.9527934438,0.9538962452,False,False,validated_model_conditional_on_fixed_fpp,MODEL-INFERRED,MODEL-INFERRED
10453588,K02484.01,010453588-01,CONFIRMED,CANDIDATE,68.8861017,1.47,14.9629,0.939,0.00013,0.99987,0.9812778729,0.9971340981,0.9995846673,0.9811503068,0.9970044706,0.9994547213,False,False,validated_model_conditional_on_fixed_fpp,MODEL-INFERRED,MODEL-INFERRED
9955598,K01925.01,009955598-01,CONFIRMED,CANDIDATE,68.958447,1.11,27.2692,0.999,0.0076,0.9924,0.3147141461,0.9901392369,0.9999589488,0.3123223186,0.9826141787,0.9923592608,False,False,validated_model_conditional_on_fixed_fpp,MODEL-INFERRED,MODEL-INFERRED
1865864,K04926.01,001865864-01,CANDIDATE,CANDIDATE,69.089357,1.47,7.6351,0.523,0.61,0.39,0.5736038845,0.7932081323,0.921433572,0.223705515,0.3093511716,0.3593590931,False,False,validated_model_conditional_on_fixed_fpp,MODEL-INFERRED,MODEL-INFERRED
11669125,K01535.01,011669125-01,CONFIRMED,CANDIDATE,70.6981724,1.63,31.9327,0.956,3.5e-05,0.999965,,,,,,,False,False,outside_calibration_domain_or_missing_fpp,MODEL-INFERRED,MODEL-INFERRED
7888863,K05440.01,007888863-01,CANDIDATE,CANDIDATE,74.624063,1.75,9.4414,0.716,0.0045,0.9955,0.841214487,0.9290826048,0.9706790771,0.8374290218,0.9249017331,0.9663110213,False,False,validated_model_conditional_on_fixed_fpp,MODEL-INFERRED,MODEL-INFERRED
2854698,K00986.02,002854698-02,CONFIRMED,CANDIDATE,76.0498163,1.75,12.8004,0.881,0.0054,0.9946,0.9628833939,0.9902577699,0.9975747088,0.9576838235,0.9849103779,0.9921878054,False,False,validated_model_conditional_on_fixed_fpp,MODEL-INFERRED,MODEL-INFERRED
12266099,K08077.01,012266099-01,CANDIDATE,CANDIDATE,77.177672,1.29,7.2295,0.34,0.43,0.57,0.4502925702,0.6846365848,0.8580111776,0.256666765,0.3902428534,0.4890663712,False,False,validated_model_conditional_on_fixed_fpp,MODEL-INFERRED,MODEL-INFERRED
8409295,K03404.01,008409295-01,CONFIRMED,CANDIDATE,82.292865,1.82,11.7531,0.993,0.00085,0.99915,0.9408485892,0.9795787349,0.9932564429,0.9400488679,0.9787460929,0.9924121749,False,False,validated_model_conditional_on_fixed_fpp,MODEL-INFERRED,MODEL-INFERRED
9282853,K05651.01,009282853-01,CANDIDATE,CANDIDATE,83.499618,1.72,11.8832,0.643,0.22,0.78,0.9425788957,0.9804239262,0.9935939498,0.7352115387,0.7647306625,0.7750032808,False,False,validated_model_conditional_on_fixed_fpp,MODEL-INFERRED,MODEL-INFERRED
7429287,K04260.04,007429287-04,CANDIDATE,CANDIDATE,84.799829,1.16,7.9636,0.971,0.87,0.13,0.5942679724,0.7662046391,0.8824528555,0.07725483641,0.09960660308,0.1147188712,False,False,validated_model_conditional_on_fixed_fpp,MODEL-INFERRED,MODEL-INFERRED
10160922,K07990.01,010160922-01,CANDIDATE,CANDIDATE,87.487573,1.87,7.8486,0.789,0.013,0.987,0.5598870352,0.737759054,0.8644087647,0.5526085037,0.7281681863,0.8531714508,False,False,validated_model_conditional_on_fixed_fpp,MODEL-INFERRED,MODEL-INFERRED
5088536,K00282.03,005088536-03,CONFIRMED,CANDIDATE,87.5177787,1.85,10.865,0.894,0.54,0.46,0.9077771417,0.9610514301,0.9843027054,0.4175774852,0.4420836578,0.4527792445,False,False,validated_model_conditional_on_fixed_fpp,MODEL-INFERRED,MODEL-INFERRED
4742420,K06120.01,004742420-01,CANDIDATE,CANDIDATE,90.097375,1.7,9.2464,0.997,0.037,0.963,0.7879785685,0.8858804597,0.9423058551,0.7588233615,0.8531028827,0.9074405384,False,False,validated_model_conditional_on_fixed_fpp,MODEL-INFERRED,MODEL-INFERRED
9881662,K00327.02,009881662-02,CONFIRMED,CANDIDATE,91.3514816,1.57,15.7533,1,9.8e-05,0.999902,0.9762967974,0.9953181786,0.9991110744,0.9762011203,0.9952206374,0.9990131615,False,False,validated_model_conditional_on_fixed_fpp,MODEL-INFERRED,MODEL-INFERRED
12121570,K02290.01,012121570-01,CONFIRMED,CANDIDATE,91.500873,1.82,18.6613,0.97,0.00029,0.99971,0.9770940209,0.9971416743,0.9996516331,0.9768106636,0.9968525032,0.9993617341,False,False,validated_model_conditional_on_fixed_fpp,MODEL-INFERRED,MODEL-INFERRED
6268648,K01613.02,006268648-02,CANDIDATE,CANDIDATE,94.094392,0.9,8.987,1,0.011,0.989,0.7444816498,0.8558092376,0.9236982339,0.7362923517,0.846395336,0.9135375534,False,False,validated_model_conditional_on_fixed_fpp,MODEL-INFERRED,MODEL-INFERRED
4912650,K05098.01,004912650-01,CANDIDATE,CANDIDATE,100.345648,1.57,10.7829,0.923,0.015,0.985,0.8849743887,0.9475502372,0.977209308,0.8716997729,0.9333369837,0.9625511684,False,False,validated_model_conditional_on_fixed_fpp,MODEL-INFERRED,MODEL-INFERRED
10026502,K04706.01,010026502-01,CONFIRMED,CANDIDATE,101.952048,1.31,10.029,0.665,0.0039,0.9961,0.8335190878,0.914853857,0.9586356823,0.8302683634,0.9112859269,0.9548970031,False,False,validated_model_conditional_on_fixed_fpp,MODEL-INFERRED,MODEL-INFERRED
6387557,K05279.01,006387557-01,CANDIDATE,CANDIDATE,103.722152,1.95,7.9219,0.765,0.011,0.989,0.5157638686,0.6878360403,0.8238049587,0.5100904661,0.6802698438,0.8147431042,False,False,validated_model_conditional_on_fixed_fpp,MODEL-INFERRED,MODEL-INFERRED
4247991,K02311.03,004247991-01,CONFIRMED,CANDIDATE,104.3519624,1.39,12.5548,0.976,0.0072,0.9928,0.9392478277,0.9786156318,0.9928175697,0.9324852433,0.9715695993,0.9856692832,False,False,validated_model_conditional_on_fixed_fpp,MODEL-INFERRED,MODEL-INFERRED
10610039,K04577.01,010610039-01,CANDIDATE,CANDIDATE,105.997107,1.83,10.3717,0.695,0.24,0.76,0.8506320825,0.9266299133,0.9655319903,0.6464803827,0.7042387341,0.7338043126,False,False,validated_model_conditional_on_fixed_fpp,MODEL-INFERRED,MODEL-INFERRED
5184911,K02719.02,005184911-02,CANDIDATE,CANDIDATE,106.25976,1.5,10.0224,0.99,0.04,0.96,0.8236246311,0.9088624478,0.9552324555,0.7906796459,0.8725079499,0.9170231573,False,False,validated_model_conditional_on_fixed_fpp,MODEL-INFERRED,MODEL-INFERRED
9205938,K02162.01,009205938-01,CONFIRMED,CANDIDATE,108.593113,1.68,20.2338,1,0.00013,0.99987,0.9608982191,0.9953758665,0.9994595075,0.9607733023,0.9952464676,0.9993295778,False,False,validated_model_conditional_on_fixed_fpp,MODEL-INFERRED,MODEL-INFERRED
6021275,K00284.04,006021275-04,CONFIRMED,CANDIDATE,110.2867031,1.41,9.9589,0.844,0.0035,0.9965,0.8090304216,0.899820125,0.9501488117,0.8061988152,0.8966707546,0.9468232909,False,False,validated_model_conditional_on_fixed_fpp,MODEL-INFERRED,MODEL-INFERRED
10658177,K05817.01,010658177-01,CANDIDATE,CANDIDATE,113.083522,1.59,9.2867,0.95,0.00076,0.99924,0.7285885596,0.8437112296,0.9164073211,0.7280348323,0.8430700091,0.9157108515,False,False,validated_model_conditional_on_fixed_fpp,MODEL-INFERRED,MODEL-INFERRED
9002278,K00701.03,009002278-03,CONFIRMED,CANDIDATE,122.3858681,1.72,35.9406,0.994,0.0028,0.9972,,,,,,,False,False,outside_calibration_domain_or_missing_fpp,MODEL-INFERRED,MODEL-INFERRED
7770901,K05426.01,007770901-01,CANDIDATE,CANDIDATE,124.887214,1.78,10.1577,0.99,0.011,0.989,0.7971559214,0.8945939442,0.9489116073,0.7883872063,0.8847534108,0.9384735796,False,False,validated_model_conditional_on_fixed_fpp,MODEL-INFERRED,MODEL-INFERRED
5193439,K06538.01,005193439-01,CANDIDATE,CANDIDATE,129.847318,1.45,7.6745,0.285,0.0023,0.9977,0.3751639991,0.5622764369,0.7398932852,0.3743011219,0.5609832011,0.7381915306,False,False,validated_model_conditional_on_fixed_fpp,MODEL-INFERRED,MODEL-INFERRED
5888187,K07749.01,005888187-01,CANDIDATE,CANDIDATE,133.6348207,1.89,8.2497,0.656,0.99,0.01,0.4886204777,0.6606819481,0.8051991807,0.004886204777,0.006606819481,0.008051991807,False,False,validated_model_conditional_on_fixed_fpp,MODEL-INFERRED,MODEL-INFERRED
5977470,K04550.01,005977470-01,CONFIRMED,CANDIDATE,140.251943,1.84,9.6396,0.934,0.0022,0.9978,0.7078246211,0.8358442173,0.9164869301,0.7062674069,0.83400536,0.9144706589,False,False,validated_model_conditional_on_fixed_fpp,MODEL-INFERRED,MODEL-INFERRED
9391817,K05663.01,009391817-01,CANDIDATE,CANDIDATE,140.884533,1.52,11.9549,0.965,0.0012,0.9988,0.8915724636,0.9549056941,0.9824790721,0.8905025767,0.9537598073,0.9813000973,False,False,validated_model_conditional_on_fixed_fpp,MODEL-INFERRED,MODEL-INFERRED
9514372,K04242.01,009514372-01,CANDIDATE,CANDIDATE,145.786556,1.82,12.0519,0.996,0.094,0.906,0.8918429129,0.955326836,0.982782823,0.8080096791,0.8655261134,0.8904012376,False,False,validated_model_conditional_on_fixed_fpp,MODEL-INFERRED,MODEL-INFERRED
6716545,K02906.02,006716545-03,CANDIDATE,CANDIDATE,145.881936,1.8,7.6291,0.804,0.00094,0.99906,0.3286956399,0.5155871296,0.7065227017,0.3283866659,0.5151024777,0.7058585703,False,False,validated_model_conditional_on_fixed_fpp,MODEL-INFERRED,MODEL-INFERRED
9521317,K07940.01,009521317-01,CANDIDATE,CANDIDATE,188.881049,1.86,8.6582,0.896,0.88,0.12,0.4727571619,0.6454582675,0.794993483,0.05673085943,0.0774549921,0.09539921796,False,False,validated_model_conditional_on_fixed_fpp,MODEL-INFERRED,MODEL-INFERRED
6697817,K03508.01,006697817-01,CANDIDATE,CANDIDATE,190.800788,1.67,10.5599,0.975,0.008,0.992,0.7565213608,0.8726703273,0.9397274872,0.7504691899,0.8656889647,0.9322096673,False,False,validated_model_conditional_on_fixed_fpp,MODEL-INFERRED,MODEL-INFERRED
9205938,K02162.02,009205938-02,CONFIRMED,CANDIDATE,199.66876,1.45,11.0906,0.92,0.0012,0.9988,0.801905144,0.9024302638,0.956107722,0.8009428579,0.9013473475,0.9549603928,False,False,validated_model_conditional_on_fixed_fpp,MODEL-INFERRED,MODEL-INFERRED
6368905,K05276.01,006368905-01,CANDIDATE,CANDIDATE,220.720142,2,9.6669,0.193,0.025,0.975,0.628073946,0.7731002537,0.8767798822,0.6123720974,0.7537727474,0.8548603851,False,False,validated_model_conditional_on_fixed_fpp,MODEL-INFERRED,MODEL-INFERRED
10331279,K08000.01,010331279-01,CANDIDATE,CANDIDATE,225.48805,1.7,8.7165,0.975,0.93,0.07,0.4601270917,0.626062622,0.7759201473,0.03220889642,0.04382438354,0.05431441031,False,False,validated_model_conditional_on_fixed_fpp,MODEL-INFERRED,MODEL-INFERRED
8692861,K00172.02,008692861-02,CONFIRMED,CANDIDATE,242.467406,1.73,18.012,0.693,0.0086,0.9914,0.9496960985,0.9895042864,0.9979379844,0.941528712,0.9809945495,0.9893557177,False,False,validated_model_conditional_on_fixed_fpp,MODEL-INFERRED,MODEL-INFERRED
8873873,K08174.01,008873873-01,CANDIDATE,CANDIDATE,295.06066,0.64,7.3721,0.665,0.018,0.982,0.1937799962,0.3349377512,0.5243577095,0.1902919563,0.3289088717,0.5149192707,False,False,validated_model_conditional_on_fixed_fpp,MODEL-INFERRED,MODEL-INFERRED
11294822,K08047.01,011294822-01,CANDIDATE,CANDIDATE,302.34971,1.98,7.6661,0.513,0.14,0.86,0.2445533916,0.390723259,0.5719428886,0.2103159167,0.3360220027,0.4918708842,False,False,validated_model_conditional_on_fixed_fpp,MODEL-INFERRED,MODEL-INFERRED
4940203,K07711.01,004940203-01,CANDIDATE,CANDIDATE,302.779824,1.31,8.4757,0.987,0.0097,0.9903,0.4025744282,0.552921639,0.7041188069,0.3986694563,0.5475582991,0.6972888545,True,False,validated_model_conditional_on_fixed_fpp,MODEL-INFERRED,MODEL-INFERRED
9674320,K07223.01,009674320-01,CANDIDATE,CANDIDATE,317.062416,1.59,10.3247,0.947,0.14,0.86,0.7086295806,0.8290648189,0.9071961876,0.6094214393,0.7129957443,0.7801887214,False,False,validated_model_conditional_on_fixed_fpp,MODEL-INFERRED,MODEL-INFERRED
3629119,K08242.01,003629119-01,CANDIDATE,CANDIDATE,331.55459,1.36,7.1282,0.175,0.0094,0.9906,0.1529806025,0.2837937367,0.4745682269,0.1515425848,0.2811260756,0.4701072855,True,False,validated_model_conditional_on_fixed_fpp,MODEL-INFERRED,MODEL-INFERRED
8555967,K07894.01,008555967-01,CANDIDATE,CANDIDATE,347.97611,1.62,8.5435,0.837,0.014,0.986,0.4132357958,0.5625966025,0.7116447617,0.4074504946,0.55472025,0.701681735,False,False,validated_model_conditional_on_fixed_fpp,MODEL-INFERRED,MODEL-INFERRED
7219825,K00238.03,007219825-02,CANDIDATE,CANDIDATE,362.97828,1.96,11.8663,0.784,0.017,0.983,0.8352836438,0.9294364114,0.9715285259,0.8210838218,0.9136359924,0.955012541,False,False,validated_model_conditional_on_fixed_fpp,MODEL-INFERRED,MODEL-INFERRED
9650762,K07954.01,009650762-01,CANDIDATE,CANDIDATE,372.15035,1.74,8.9062,0.839,0.0065,0.9935,0.482535434,0.6325620573,0.768772095,0.4793989537,0.6284504039,0.7637750764,False,False,validated_model_conditional_on_fixed_fpp,MODEL-INFERRED,MODEL-INFERRED
9210820,K07930.01,009210820-01,CANDIDATE,CANDIDATE,377.67241,1.37,8.0038,0.469,0.019,0.981,0.3000874498,0.4539365339,0.6309306346,0.2943857882,0.4453117398,0.6189429525,True,False,validated_model_conditional_on_fixed_fpp,MODEL-INFERRED,MODEL-INFERRED
11296205,K08048.01,011296205-01,CANDIDATE,CANDIDATE,379.67276,1.33,7.22,0.334,0.013,0.987,0.1619735978,0.2980634396,0.4960603656,0.159867941,0.2941886149,0.4896115808,True,False,validated_model_conditional_on_fixed_fpp,MODEL-INFERRED,MODEL-INFERRED
8311864,K07016.01,008311864-01,CONFIRMED,CANDIDATE,384.847556,1.09,7.6024,0.771,0.0086,0.9914,0.2240196555,0.3728181931,0.5638850919,0.2220930864,0.3696119567,0.5590356801,True,False,validated_model_conditional_on_fixed_fpp,MODEL-INFERRED,MODEL-INFERRED
9084569,K07923.01,009084569-02,CANDIDATE,CANDIDATE,395.13138,0.97,10.0291,0.75,0.54,0.46,0.6603098004,0.8023739416,0.8959454665,0.3037425082,0.3690920131,0.4121349146,True,False,validated_model_conditional_on_fixed_fpp,MODEL-INFERRED,MODEL-INFERRED
5098334,K08253.01,005098334-01,CANDIDATE,CANDIDATE,400.11482,0.95,7.8577,0.067,0.023,0.977,0.2674221607,0.4253777831,0.6159100946,0.261271451,0.4155940941,0.6017441624,True,False,validated_model_conditional_on_fixed_fpp,MODEL-INFERRED,MODEL-INFERRED
5956171,K08259.01,005956171-01,CANDIDATE,CANDIDATE,402.27493,1.73,7.4788,0.311,0.021,0.979,0.1996573056,0.3489300825,0.5489274419,0.1954645022,0.3416025508,0.5373999656,False,False,validated_model_conditional_on_fixed_fpp,MODEL-INFERRED,MODEL-INFERRED
4742188,K07703.01,004742188-01,CANDIDATE,CANDIDATE,413.51856,1.96,7.3555,0.255,0.011,0.989,0.176931757,0.3257889653,0.5337718438,0.1749855076,0.3222052867,0.5279003535,False,False,validated_model_conditional_on_fixed_fpp,MODEL-INFERRED,MODEL-INFERRED
2284957,K08085.01,002284957-01,CANDIDATE,CANDIDATE,419.2615,1.7,7.8587,0.416,0.027,0.973,0.2623928866,0.4271734268,0.6249319212,0.2553082786,0.4156397443,0.6080587593,False,False,validated_model_conditional_on_fixed_fpp,MODEL-INFERRED,MODEL-INFERRED
4446859,K08246.01,004446859-01,CANDIDATE,CANDIDATE,425.64971,1.58,7.1563,0.228,0.011,0.989,0.1458306571,0.2890857615,0.5041558446,0.1442265199,0.2859058182,0.4986101303,False,False,validated_model_conditional_on_fixed_fpp,MODEL-INFERRED,MODEL-INFERRED
8022520,K08272.01,008022520-01,CANDIDATE,CANDIDATE,432.42787,1.14,7.6195,0.12,0.017,0.983,0.2161997607,0.3799759347,0.5899132458,0.2125243648,0.3735163438,0.5798847206,True,False,validated_model_conditional_on_fixed_fpp,MODEL-INFERRED,MODEL-INFERRED
9650579,K07953.01,009650579-01,CANDIDATE,CANDIDATE,432.96905,1.43,7.3161,0.335,0.23,0.77,0.1673702213,0.3196598196,0.5365341641,0.1288750704,0.2461380611,0.4131313063,True,False,validated_model_conditional_on_fixed_fpp,MODEL-INFERRED,MODEL-INFERRED
3548044,K02194.03,003548044-03,CANDIDATE,CANDIDATE,445.21685,1.37,7.934,0.496,0.046,0.954,0.2672037622,0.4469229732,0.6547631222,0.2549123891,0.4263645165,0.6246440185,True,False,validated_model_conditional_on_fixed_fpp,MODEL-INFERRED,MODEL-INFERRED
5097856,K07716.01,005097856-01,CANDIDATE,CANDIDATE,483.36405,1.27,7.1057,0.23,0.0085,0.9915,0.1275633843,0.286741823,0.5370425074,0.1264790956,0.2843045175,0.5324776461,True,False,validated_model_conditional_on_fixed_fpp,MODEL-INFERRED,MODEL-INFERRED
